City,State,Population,Latitude,Longitude
Fairbanks ,AK,35132,64.8377778,-147.7163889
Lewiston ,ME,35131,44.100351,-70.21477639999999
San Dimas ,CA,35043,34.1066756,-117.8067257
Los Banos ,CA,34968,37.0582786,-120.8499151
Burleson ,TX,34908,32.5420821,-97.3208492
Hollister ,CA,34877,36.8524545,-121.4016021
San Juan Capistrano ,CA,34793,33.5019027,-117.6627655
Peachtree City ,GA,34788,33.3968557,-84.59634319999999
Leavenworth ,KS,34729,39.3111112,-94.9224637
Brunswick ,OH,34711,41.2381096,-81.8418006
Menomonee Falls,WI,34607,43.1788967,-88.1173132
Lufkin ,TX,34530,31.3382406,-94.729097
Marysville ,WA,34482,48.0517637,-122.1770818
Marana,AZ,34466,32.436381,-111.2224422
Beverly Hills ,CA,34445,34.0736204,-118.4003563
Columbia ,TN,34402,35.6150716,-87.0352831
La Porte ,TX,34274,29.6657838,-95.0193728
Wildwood ,MO,34195,38.582831,-90.6629047
Woodridge,IL,34130,41.7469749,-88.0503406
Holland ,MI,34076,42.7875235,-86.1089301
Friendswood ,TX,33979,29.5293998,-95.2010447
San Juan ,TX,33970,26.1892409,-98.15528719999999
Northbrook,IL,33936,42.1275267,-87.82895479999999
Hilton Head Island,SC,33913,32.216316,-80.752608
Stow ,OH,33899,41.1595005,-81.44038979999999
Gahanna ,OH,33892,40.0192307,-82.8793446
Bay City ,MI,33874,43.5944677,-83.8888647
Grove City ,OH,33829,39.88145189999999,-83.0929644
Pleasant Grove ,UT,33798,40.3641184,-111.73854
Seaside ,CA,33797,36.6149217,-121.822098
Delaware ,OH,33719,40.2986724,-83.067965
Mundelein,IL,33717,42.263079,-88.00396529999999
Northglenn ,CO,33697,39.8961821,-104.9811468
Rome ,NY,33673,43.2128473,-75.4557303
Reynoldsburg ,OH,33657,39.9547861,-82.81211909999999
Dalton ,GA,33648,34.7698021,-84.9702228
La Verne ,CA,33623,34.1008426,-117.7678355
Cottage Grove ,MN,33623,44.8277446,-92.9438218
Rosenberg ,TX,33595,29.5571825,-95.80856229999999
East Palo Alto ,CA,33575,37.4688273,-122.1410751
Lynnwood ,WA,33572,47.8209301,-122.3151313
Jackson ,MI,33518,42.245869,-84.40134619999999
Oak Creek ,WI,33482,42.8858503,-87.8631362
Twentynine Palms ,CA,33480,34.1355582,-116.0541689
Shakopee ,MN,33455,44.7973962,-93.5272861
Pekin ,IL,33430,40.5675388,-89.640658
Inver Grove Heights ,MN,33383,44.8480218,-93.04271530000001
Weslaco ,TX,33354,26.1595194,-97.9908366
Winter Haven ,FL,33353,28.0222435,-81.7328567
Elk Grove Village,IL,33320,42.0039178,-87.9703461
Grants Pass ,OR,33217,42.4390069,-123.3283925
Manitowoc ,WI,33169,44.0886059,-87.657584
Apex,NC,33075,35.732652,-78.85028559999999
Merrillville,IN,33057,41.4828144,-87.33281389999999
New Iberia ,LA,32959,30.0035365,-91.81872849999999
Petersburg ,VA,32916,37.2279279,-77.40192669999999
Richmond ,KY,32895,37.7478572,-84.2946539
Pleasant Hill ,CA,32862,37.9479786,-122.0607963
St. Charles ,IL,32829,41.9141945,-88.3086867
Marion ,IA,32821,42.033279,-91.5968958
Roseville ,MN,32815,45.0060767,-93.15661070000002
Apache Junction ,AZ,32776,33.4150485,-111.5495777
Plant City ,FL,32761,28.0186323,-82.1128641
Richfield ,MN,32728,44.8832982,-93.28300209999999
Englewood ,CO,32669,39.6477653,-104.9877597
Winter Springs ,FL,32667,28.6988853,-81.30812259999999
Beaumont ,CA,32663,33.9294606,-116.977248
Goshen ,IN,32630,41.5822716,-85.8344383
Long Branch ,NJ,32622,40.30427780000001,-73.9923596
Massillon ,OH,32613,40.7967244,-81.52150929999999
North Chicago ,IL,32608,42.325578,-87.8411818
Oviedo ,FL,32606,28.669997,-81.20812029999999
Bettendorf ,IA,32584,41.56084999999999,-90.48344
Monroe ,NC,32543,34.9854275,-80.5495112
Houma ,LA,32512,29.5957696,-90.71953479999999
Eastpointe ,MI,32497,42.4683698,-82.9554746
Prattville ,AL,32480,32.4640245,-86.4596966
Michigan City ,IN,32405,41.70753939999999,-86.8950297
Fairborn ,OH,32366,39.8208925,-84.01937889999999
Watertown ,MA,32365,42.3709299,-71.1828321
Clovis ,NM,32352,34.4047987,-103.2052272
Bothell ,WA,32307,47.76095,-122.2055883
Ocoee ,FL,32290,28.5691677,-81.5439619
Danville ,IL,32248,40.124481,-87.6300207
Nacogdoches ,TX,32205,31.6035129,-94.6554874
Greenacres ,FL,32174,26.6276276,-80.1353896
Franklin ,MA,32148,42.0834313,-71.396725
Butte-Silver Bow,MT,32119,46.0038232,-112.5347776
Hopkinsville ,KY,32076,36.8656008,-87.4886186
Oakley ,CA,32035,37.9974219,-121.7124536
Socorro ,TX,32007,31.654557,-106.3033145
Naugatuck,CT,31931,41.485921,-73.0506972
Upper Arlington ,OH,31878,39.99450840000001,-83.0624078
Glendale Heights,IL,31847,41.91030680000001,-88.0717353
Norristown,PA,31843,40.121497,-75.3399048
Laguna Hills ,CA,31838,33.5916433,-117.6986604
Olive Branch ,MS,31830,34.9617604,-89.8295315
Lewiston ,ID,31764,46.4004089,-117.0011889
Bangor ,ME,31756,44.80118210000001,-68.77781379999999
Kennesaw ,GA,31628,34.0234337,-84.6154897
Parkersburg ,WV,31611,39.2667418,-81.56151349999999
Florence ,SC,31570,34.1954331,-79.7625625
Bethel Park,PA,31562,40.3275697,-80.0394977
Spanish Fork ,UT,31538,40.114955,-111.654923
Mount Vernon ,WA,31513,48.421216,-122.3340474
Oswego,IL,31504,41.6828074,-88.35145960000001
Highland Park ,IL,31449,42.1816918,-87.8003437
Oregon City ,OR,31404,45.3573429,-122.6067583
Brighton ,CO,31380,39.9852617,-104.8205283
Jacksonville ,AR,31351,34.8662005,-92.1101458
Lawndale ,CA,31346,33.887237,-118.3525744
Leawood ,KS,31342,38.966673,-94.6169012
North Olmsted ,OH,31319,41.4156025,-81.9234726
Burien ,WA,31316,47.4668384,-122.3405305
North Tonawanda ,NY,31222,43.038668,-78.8642033
McMinnville ,OR,31185,45.21011619999999,-123.1987163
Galesburg ,IL,31181,40.94781580000001,-90.3712395
Phenix City ,AL,31125,32.4709761,-85.0007653
Douglasville ,GA,31035,33.7514966,-84.7477136
Lauderdale Lakes ,FL,31004,26.1664736,-80.2083806
Juneau,AK,30988,58.3019444,-134.4197222
Wheat Ridge ,CO,30894,39.766098,-105.0772063
Vestavia Hills ,AL,30892,33.4487183,-86.7877668
Deer Park ,TX,30890,29.7052284,-95.1238204
Port Huron ,MI,30869,42.9708634,-82.42491419999999
West Lafayette ,IN,30847,40.4258686,-86.90806549999999
Walnut ,CA,30744,34.0202894,-117.8653386
San Pablo ,CA,30729,37.9621457,-122.3455263
Copperas Cove ,TX,30710,31.124062,-97.90307849999999
Granite City ,IL,30703,38.7014389,-90.14871989999999
Schertz ,TX,30669,29.5521737,-98.269734
Rochester ,NH,30654,43.304526,-70.97561859999999
Walla Walla ,WA,30643,46.0645809,-118.3430209
Gurnee,IL,30608,42.3702996,-87.90201859999999
Myrtle Beach ,SC,30596,33.6890603,-78.8866943
Chicago Heights ,IL,30586,41.506146,-87.6355995
Liberty ,MO,30568,39.2461138,-94.4191177
Shawnee ,OK,30562,35.3272928,-96.9253004
Oak Park ,MI,30547,42.4594803,-83.18270509999999
Westlake ,OH,30546,41.4553232,-81.9179173
Fair Lawn,NJ,30521,40.9403762,-74.1318096
Jeffersonville ,IN,30479,38.2775702,-85.7371847
Hobbs ,NM,30476,32.7026116,-103.1360403
Newnan ,GA,30474,33.3806716,-84.79965729999999
Saratoga ,CA,30445,37.2638324,-122.0230146
Andover ,MN,30442,45.2332984,-93.29134049999999
Valparaiso ,IN,30429,41.4730948,-87.0611412
Kearney ,NE,30417,40.69933030000001,-99.0816784
Algonquin,IL,30352,42.1655801,-88.29424929999999
University Place ,WA,30345,47.2356536,-122.5504041
Royal Palm Beach,FL,30312,26.7083984,-80.2306019
Gloucester ,MA,30243,42.6159285,-70.6619888
Marion ,IN,30212,40.5583739,-85.6591442
Hinesville ,GA,30152,31.846877,-81.5959453
Tooele ,UT,30120,40.53077760000001,-112.29828
Menlo Park ,CA,30087,37.4529598,-122.1817252
Texarkana ,AR,30087,33.4417915,-94.0376881
La Vergne ,TN,30034,36.0156178,-86.5819394
Ballwin ,MO,30033,38.5950532,-90.54623389999999
East Chicago ,IN,29978,41.63920239999999,-87.4547635
Wenatchee ,WA,29898,47.4234599,-120.3103494
West Bend ,WI,29894,43.4252776,-88.1834277
Cleburne ,TX,29889,32.3476438,-97.38668369999999
Newark ,DE,29886,39.6837226,-75.74965720000002
Burton ,MI,29845,42.99947179999999,-83.6163423
Ithaca ,NY,29763,42.4439614,-76.5018807
Lake in the Hills,IL,29698,42.18169080000001,-88.33036179999999
Mason ,OH,29682,39.3600586,-84.309939
Poughkeepsie ,NY,29654,41.7003713,-73.9209701
Morgantown ,WV,29642,39.629526,-79.95589679999999
Bowling Green ,OH,29542,41.3747744,-83.6513229
Madison Heights ,MI,29531,42.4858692,-83.1052028
Jamestown ,NY,29463,42.0970023,-79.23532589999999
Williamsport ,PA,29456,41.2411897,-77.00107860000001
Benton ,AR,29452,34.5645371,-92.586828
Westfield,NJ,29450,40.6589912,-74.3473717
Aiken ,SC,29434,33.5604168,-81.7195533
Cooper City ,FL,29422,26.0573112,-80.271716
Goleta ,CA,29404,34.4358294,-119.8276389
Alton ,IL,29393,38.8906038,-90.1842764
Winter Garden ,FL,29385,28.5652787,-81.58618469999999
Alabaster ,AL,29352,33.2442813,-86.8163773
Helena ,MT,29351,46.5883707,-112.0245054
Gallatin ,TN,29343,36.3883809,-86.4466599
North Royalton ,OH,29331,41.3136644,-81.7245739
Los Gatos,CA,29320,37.2358078,-121.9623751
Sanford ,NC,29284,35.4798757,-79.1802994
Elmira ,NY,29271,42.0897965,-76.8077338
Lawrenceville ,GA,29258,33.9562149,-83.9879625
Aventura ,FL,29254,25.9564812,-80.1392121
Cookeville ,TN,29234,36.162839,-85.5016423
Englewood ,NJ,29112,40.8928771,-73.9726381
Foster City ,CA,29089,37.5585465,-122.2710788
Cutler Bay,FL,29070,25.5808323,-80.34685929999999
Salisbury ,NC,28972,35.6709727,-80.4742261
Garfield ,NJ,28971,40.8814882,-74.113198
Millville ,NJ,28930,39.4020596,-75.0393438
Banning ,CA,28917,33.9255713,-116.8764103
Wheeling ,WV,28913,40.0639616,-80.7209149
Schererville,IN,28886,41.4789246,-87.4547605
Saratoga Springs ,NY,28844,43.0831301,-73.7845651
East St. Louis ,IL,28773,38.624514,-90.1506465
Des Moines ,WA,28755,47.4017661,-122.3242902
St. Cloud ,FL,28745,28.2489016,-81.2811801
Paso Robles,CA,28715,35.6368759,-120.6545022
Waxahachie ,TX,28668,32.3865312,-96.8483311
Cedar City ,UT,28667,37.67747689999999,-113.0618931
Niles,IL,28666,42.0189191,-87.80284019999999
Rahway ,NJ,28624,40.60815909999999,-74.2776468
Lindenhurst,NY,28620,40.68676670000001,-73.3734547
Santa Paula ,CA,28618,34.3541659,-119.0592705
Dover ,NH,28609,43.1978624,-70.8736698
New Bern ,NC,28586,35.108493,-77.04411429999999
Garden City ,KS,28557,37.9716898,-100.8726618
Adelanto ,CA,28553,34.5827699,-117.409215
Bessemer ,AL,28542,33.4017766,-86.954437
Springville ,UT,28520,40.1652335,-111.6107526
Atascadero ,CA,28452,35.4894169,-120.6707255
LaGrange ,GA,28401,33.0362218,-85.0322444
Northampton ,MA,28379,42.3250896,-72.64120129999999
Los Altos ,CA,28349,37.3852183,-122.1141298
Sun Prairie ,WI,28322,43.1836046,-89.2137254
Gladstone ,MO,28243,39.2038918,-94.554677
Maywood ,CA,28224,33.9866807,-118.185349
Salisbury ,MD,28200,38.3606736,-75.5993692
Raytown ,MO,28194,39.0086171,-94.46356379999999
Port Chester,NY,28171,41.0017643,-73.66568339999999
North Ridgeville ,OH,28153,41.3894905,-82.01903209999999
Midvale ,UT,28129,40.6110589,-111.8999353
Soledad ,CA,28124,36.424687,-121.3263187
Newburgh ,NY,28101,41.5034271,-74.0104178
Dania Beach ,FL,28093,26.052311,-80.1439343
Agawam ,MA,28091,42.0695391,-72.61481169999999
Harvey ,IL,28056,41.6100344,-87.6467131
Rexburg ,ID,28028,43.8231096,-111.7924237
Kent ,OH,27983,41.1536674,-81.3578859
Henderson ,KY,27933,37.8361538,-87.59001339999999
Winter Park ,FL,27909,28.5999998,-81.33923519999999
Hilliard ,OH,27901,40.0333961,-83.1582451
Hobart ,IN,27891,41.5322592,-87.2550353
Round Lake Beach,IL,27855,42.37168810000001,-88.0900815
Clearfield ,UT,27851,41.1107771,-112.0260538
Plainfield,IN,27832,39.70421229999999,-86.39943869999999
Kingman ,AZ,27817,35.189443,-114.0530065
Monterey ,CA,27763,36.6002378,-121.8946761
Florence ,KY,27745,38.9989499,-84.62661109999999
Oak Forest ,IL,27740,41.6028116,-87.74393839999999
Southgate ,MI,27739,42.2139284,-83.19381469999999
Garfield Heights ,OH,27734,41.4169974,-81.6059581
Burlingame ,CA,27706,37.5778696,-122.34809
Savage ,MN,27692,44.7647329,-93.3591147
Oak Ridge ,TN,27677,36.0103561,-84.26964490000002
Laramie ,WY,27664,41.3113669,-105.5911007
Prichard ,AL,27662,30.74515449999999,-88.0896618
Monroeville,PA,27639,40.4211798,-79.7881024
Morristown ,TN,27636,36.2139814,-83.29489219999999
Russellville ,AR,27602,35.2784173,-93.1337856
Burbank ,IL,27567,41.7467619,-87.76073799999999
O'Fallon ,IL,27540,38.592323,-89.910991
Batavia ,IL,27502,41.8500284,-88.3125738
Owasso ,OK,27467,36.2695388,-95.8547119
West Springfield ,MA,27459,42.1070383,-72.6203675
Lake Jackson ,TX,27417,29.0338575,-95.4343859
Brooklyn Center ,MN,27402,45.076076,-93.3327283
Xenia ,OH,27357,39.6847822,-83.9296526
Mason City ,IA,27337,43.1535728,-93.20103669999999
Frankfort ,KY,27322,38.2009055,-84.87328350000001
Watertown ,NY,27310,43.9747838,-75.91075649999999
De Land ,FL,27243,29.028318,-81.3031179
San Carlos ,CA,27238,37.5071591,-122.2605222
Slidell ,LA,27183,30.2751945,-89.78117449999999
Statesboro ,GA,27158,32.4487876,-81.7831674
Maryville ,TN,27156,35.7564719,-83.9704593
Glen Ellyn,IL,27142,41.8775293,-88.0670118
Garner,NC,27138,35.7112642,-78.61417089999999
Auburn ,NY,27138,42.9317335,-76.5660529
West Memphis ,AR,27070,35.1464797,-90.1845388
Wake Forest,NC,27068,35.9798734,-78.50972279999999
American Fork ,UT,27064,40.3768954,-111.7957645
Oakdale ,MN,27034,44.9630216,-92.9649361
Anderson ,SC,27027,34.5034394,-82.6501332
Suisun City ,CA,26977,38.2382474,-122.040244
College Park ,MD,26925,38.9896967,-76.93776
Pullman ,WA,26920,46.7297771,-117.1817377
Matthews,NC,26901,35.1168131,-80.72368039999999
Glen Cove ,NY,26895,40.8623217,-73.6337389
Gillette ,WY,26871,44.2910915,-105.5022205
McHenry ,IL,26862,42.333355,-88.2667534
Opelika ,AL,26808,32.6454116,-85.3782795
Winona ,MN,26785,44.0553908,-91.6663523
Kirkwood ,MO,26760,38.5833862,-90.406785
Garden City ,MI,26743,42.3255928,-83.3310422
Kankakee ,IL,26710,41.1200325,-87.8611531
Melrose ,MA,26708,42.4584292,-71.0661633
Weatherford ,TX,26686,32.7592955,-97.7972544
Mount Pleasant ,MI,26675,43.59780749999999,-84.7675139
Lansing,IL,26672,41.5647575,-87.53893099999999
Eagle Pass ,TX,26668,28.7091433,-100.4995214
Harrison,NY,26665,40.9700171,-73.7176337
Norco ,CA,26659,33.9311257,-117.548661
Inkster ,MI,26621,42.2942045,-83.30993029999999
Southlake ,TX,26595,32.9412363,-97.1341783
Barberton ,OH,26581,41.012833,-81.6051221
Mount Pleasant,WI,26572,42.7369942,-87.8844309
Atwater ,CA,26565,37.3477174,-120.609084
Imperial Beach ,CA,26543,32.5839444,-117.1130849
Thomasville ,NC,26526,35.8826369,-80.0819879
Tualatin ,OR,26476,45.3840077,-122.7639851
Paradise,CA,26469,39.7596061,-121.6219177
Belvidere ,IL,26461,42.2639098,-88.84426739999999
Post Falls ,ID,26460,47.7179578,-116.9515856
Shaker Heights ,OH,26460,41.4739419,-81.5370671
Corsicana ,TX,26459,32.0954304,-96.46887269999999
Farmers Branch ,TX,26455,32.9265137,-96.89611509999999
West Chicago ,IL,26454,41.8847507,-88.2039607
Nicholasville ,KY,26444,37.8806341,-84.5729961
Wilmette,IL,26418,42.0722513,-87.7228384
Statesville ,NC,26414,35.7826363,-80.8872959
Clinton ,IA,26407,41.8444735,-90.1887379
Seguin ,TX,26394,29.5688411,-97.9647269
Emporia ,KS,26380,38.403903,-96.18166260000001
Clinton ,MS,26313,32.3415342,-90.3217585
Spring Valley,NY,26291,41.1131514,-74.0437521
Carbondale ,IL,26231,37.7272727,-89.2167501
Spring Hill ,TN,26230,35.751179,-86.9300023
Jeffersontown ,KY,26226,38.1942356,-85.5644033
Superior ,WI,26223,46.7207737,-92.10407959999999
Wooster ,OH,26212,40.8050565,-81.935143
Plum,PA,26198,40.5003456,-79.7494911
Benicia ,CA,26174,38.049365,-122.1585777
Paramus,NJ,26128,40.9445428,-74.0754189
Duluth ,GA,26125,34.0028786,-84.1446376
Homer Glen,IL,26111,41.6000317,-87.9381112
Kyle ,TX,26103,29.9891052,-97.87722670000001
Easton ,PA,26080,40.688432,-75.2207323
Paris ,TX,26050,33.6609389,-95.55551299999999
Trotwood ,OH,26039,39.7972788,-84.3113334
Allen Park ,MI,26014,42.2575385,-83.2110375
Medina ,OH,26011,41.143245,-81.8552196
Collinsville ,IL,25960,38.6703266,-89.9845476
Maryland Heights ,MO,25949,38.7131073,-90.42984009999999
Winchester ,VA,25897,39.1856597,-78.1633341
New London ,CT,25891,41.3556539,-72.0995209
Fridley ,MN,25868,45.0860765,-93.2632821
Middletown ,NY,25865,41.4459271,-74.42293409999999
Marshalltown ,IA,25850,42.0494674,-92.90803749999999
SeaTac ,WA,25840,47.4435903,-122.2960726
Kaysville ,UT,25820,41.0352216,-111.9385521
Bristol ,TN,25817,36.5951059,-82.18874439999999
Dodge City ,KS,25689,37.7527982,-100.0170787
Sandusky ,OH,25688,41.4489396,-82.7079605
Holladay ,UT,25676,40.6688363,-111.8246557
Greenville ,TX,25676,33.1384488,-96.11080659999999
Ridgecrest ,CA,25638,35.6224561,-117.6708966
Carlsbad ,NM,25629,32.4206736,-104.2288375
Bergenfield,NJ,25611,40.9275987,-73.9973608
Paducah ,KY,25521,37.0833893,-88.6000478
Salem ,VA,25449,37.2934681,-80.05476259999999
Sanger ,CA,25447,36.708006,-119.5559652
Leander ,TX,25424,30.5788055,-97.8530686
Harker Heights ,TX,25417,31.0835102,-97.6597376
Hastings ,NE,25394,40.5862583,-98.38987259999999
Windsor,CA,25362,38.5471327,-122.8163802
Enterprise ,AL,25351,31.3151708,-85.85521609999999
Hazelwood ,MO,25345,38.7714396,-90.3709489
Stevens Point ,WI,25327,44.52357920000001,-89.574563
Riverside ,OH,25327,39.779781,-84.12410469999999
Burlington ,IA,25327,40.8076529,-91.1128901
Eureka ,CA,25300,40.8020712,-124.1636729
West Linn ,OR,25236,45.36567609999999,-122.6123141
Fountain Hills,AZ,25227,33.6042079,-111.7256936
Fremont ,NE,25224,41.4333909,-96.49814669999999
Fort Dodge ,IA,25180,42.4974694,-94.16801579999999
Zion ,IL,25161,42.4461322,-87.83285049999999
Corcoran ,CA,25139,36.098007,-119.5604015
Zanesville ,OH,25129,39.9403453,-82.0131924
Shoreview ,MN,25111,45.0791325,-93.14716670000001
San Benito ,TX,25072,26.132576,-97.6311006
Lafayette ,CO,25065,39.9935959,-105.0897058
Neenah ,WI,25060,44.1858193,-88.462609
Maywood,IL,25035,41.8791979,-87.8431155
Lafayette ,CA,25011,37.8857582,-122.1180201
Westmont,IL,24979,41.7958639,-87.9756175
Vicksburg ,MS,24974,32.3526456,-90.877882
Little Elm ,TX,24947,33.1626193,-96.9375051
San Luis ,AZ,24909,32.4869996,-114.7821796
Owatonna ,MN,24855,44.0855572,-93.2259349
University Park ,TX,24853,32.8550377,-96.797592
Lockport ,IL,24810,41.5894752,-88.05783699999999
Ardmore ,OK,24810,34.1742611,-97.14362539999999
Paragould ,AR,24800,36.0584021,-90.4973286
De Pere ,WI,24779,44.4488805,-88.0603806
Belmont ,CA,24776,37.5202145,-122.2758008
Casselberry ,FL,24759,28.677775,-81.3278455
El Mirage ,AZ,24751,33.6130942,-112.3246042
Rockledge ,FL,24747,28.3164498,-80.72698539999999
Bridgeton ,NJ,24742,39.427337,-75.2340768
Wyandotte ,MI,24739,42.21420639999999,-83.14992389999999
Kingsville ,TX,24702,27.5158689,-97.85610899999999
Horn Lake ,MS,24669,34.9553719,-90.03481389999999
Lebanon ,TN,24648,36.2081098,-86.2911024
Wasco ,CA,24628,35.5941238,-119.3409457
Freeport ,IL,24615,42.2966861,-89.6212271
Asheboro ,NC,24609,35.7079146,-79.8136446
Barstow ,CA,24596,34.8957957,-117.0172826
Belton ,MO,24591,38.8119527,-94.5318982
Edwardsville ,IL,24557,38.8114364,-89.95315699999999
Greer ,SC,24557,34.9387279,-82.2270568
Redmond ,OR,24551,44.2726203,-121.1739212
Sherwood ,AR,24542,34.8150907,-92.2243153
Ponca City ,OK,24507,36.706981,-97.0855948
East Cleveland ,OH,24507,41.5331066,-81.57901369999999
Desert Hot Springs ,CA,24489,33.961124,-116.5016784
Cornelius,NC,24487,35.4868032,-80.86007359999999
Hercules ,CA,24484,38.0171441,-122.2885808
Peekskill ,NY,24484,41.2900939,-73.9204158
Vernon Hills,IL,24462,42.23933230000001,-87.9653565
Aberdeen ,SD,24460,45.4646985,-98.4864829
Loves Park ,IL,24457,42.3200189,-89.05816209999999
South Pasadena ,CA,24446,34.1161196,-118.1503488
Colleyville ,TX,24428,32.8809603,-97.155012
Rockville Centre,NY,24414,40.65871380000001,-73.6412406
Pearl ,MS,24400,32.2745912,-90.13203109999999
Crown Point ,IN,24376,41.4169806,-87.3653135
Queen Creek,AZ,24361,33.2486638,-111.6342993
Ottumwa ,IA,24342,41.01602930000001,-92.40830220000001
Cudahy ,CA,24334,33.9605701,-118.1853486
Geneva ,IL,24302,41.8875281,-88.3053525
Big Spring ,TX,24270,32.2503979,-101.4787355
Caledonia,WI,24220,42.8077958,-87.92424799999999
New Castle ,PA,24212,41.0036719,-80.34700900000001
Starkville ,MS,24187,33.4503998,-88.81838719999999
Mercer Island ,WA,24163,47.5706548,-122.2220673
Ridgewood,NJ,24163,40.9792645,-74.11653129999999
Elizabethtown ,KY,24144,37.7030646,-85.8649408
New Lenox,IL,24137,41.5119761,-87.9656098
Seal Beach ,CA,24127,33.7414085,-118.1047682
Chaska ,MN,24116,44.7893446,-93.60183889999999
North Platte ,NE,24107,41.1402759,-100.7601454
Lebanon ,PA,24097,40.3409251,-76.4113497
White Bear Lake ,MN,24095,45.0853814,-93.0081479
Lemon Grove ,CA,24089,32.7425516,-117.0314172
Issaquah ,WA,24057,47.5301011,-122.0326191
Elmwood Park,IL,24052,41.9211423,-87.8092266
Grandview ,MO,24033,38.8858407,-94.5330096
Galt ,CA,24026,38.2546373,-121.2999485
Parkland ,FL,24017,26.3107774,-80.25322489999999
Watauga ,TX,24005,32.8579056,-97.25473710000001
Denison ,TX,24001,33.7556593,-96.53665799999999
Avon Lake ,OH,23996,41.5053178,-82.02820009999999
Laguna Beach ,CA,23995,33.5427189,-117.7853568
Doral ,FL,23974,25.8195424,-80.3553302
Staunton ,VA,23967,38.149576,-79.0716958
Woodstock ,IL,23930,42.3147436,-88.44870209999999
Dolton,IL,23889,41.6389236,-87.60726799999999
Lemoore ,CA,23873,36.3007835,-119.7829107
Fairfax ,VA,23844,38.84622359999999,-77.30637329999999
Homewood ,AL,23840,33.4717732,-86.80082279999999
Prior Lake ,MN,23836,44.7132969,-93.4227274
San Fernando ,CA,23833,34.2819461,-118.4389719
South Portland ,ME,23803,43.6414716,-70.2408811
Marshall ,TX,23798,32.5448714,-94.36741839999999
Ossining,NY,23798,41.1628731,-73.8615246
Columbus ,MS,23798,33.4956744,-88.4272627
Lodi,NJ,23776,40.8823215,-74.08319709999999
Wentzville ,MO,23768,38.81144,-90.8529107
Papillion ,NE,23739,41.1544432,-96.0422378
Ramsey ,MN,23734,45.2611,-93.45
Walker ,MI,23722,43.0014133,-85.7680915
Griffin ,GA,23719,33.2467807,-84.2640904
Athens ,AL,23715,34.8028661,-86.9716741
West Fargo ,ND,23708,46.8769487,-96.89990569999999
Maple Heights ,OH,23667,41.4153313,-81.565956
Anniston ,AL,23662,33.6598257,-85.8316318
Cabot ,AR,23614,34.974532,-92.0165336
Pascagoula ,MS,23609,30.3657552,-88.5561272
Mequon ,WI,23584,43.2159232,-88.0314174
Newport ,RI,23523,41.4901024,-71.3128285
Champlin ,MN,23503,45.1888539,-93.39745370000001
Chanhassen ,MN,23480,44.86196450000001,-93.53231029999999
Rolling Meadows ,IL,23463,42.0841936,-88.0131275
Reedley ,CA,23439,36.5963395,-119.4504029
Green ,OH,23404,40.9458898,-81.4831714
Tarpon Springs ,FL,23369,28.1461248,-82.7567679
Carteret,NJ,23367,40.5773266,-74.2282005
Fitchburg ,WI,23344,43.0023146,-89.424092
South Lake Tahoe ,CA,23333,38.939926,-119.9771868
New Smyrna Beach ,FL,23325,29.0258191,-80.9269984
Norton Shores ,MI,23307,43.1689044,-86.26394610000001
Carrollton ,GA,23291,33.5801103,-85.0766113
Franklin ,IN,23258,39.4806055,-86.0549863
Muskego ,WI,23234,42.905848,-88.13897790000001
Opelousas ,LA,23220,30.5335302,-92.081509
Roselle,IL,23209,41.9847504,-88.07979329999999
Elk River ,MN,23194,45.33772829999999,-93.56911219999999
Auburn ,ME,23177,44.0978509,-70.2311655
Hopewell ,VA,23142,37.3043154,-77.28720009999999
Woodstock ,GA,23141,34.1014873,-84.5193754
Lisle,IL,23135,41.801141,-88.0747875
Northport ,AL,23118,33.229007,-87.5772293
Hudson ,OH,23037,41.240056,-81.44066699999999
Romulus ,MI,22963,42.2222614,-83.39659940000001
Benbrook ,TX,22957,32.673188,-97.4605759
Newberg ,OR,22953,45.3001178,-122.9731565
Norfolk ,NE,22940,42.03272339999999,-97.41375529999999
Watertown ,WI,22930,43.1947211,-88.7289918
Huntley,IL,22923,42.1680796,-88.4281415
Sahuarita,AZ,22913,31.9575818,-110.955646
Centerville ,OH,22904,39.6283928,-84.15938179999999
Oxford ,OH,22887,39.5069974,-84.74523099999999
Cliffside Park,NJ,22863,40.8214894,-73.9876388
Alvin ,TX,22853,29.4238472,-95.24410089999999
Yukon ,OK,22849,35.5067215,-97.76254410000001
Kerrville ,TX,22821,30.0474332,-99.1403189
Fredericksburg ,VA,22818,38.3031837,-77.4605399
Machesney Park,IL,22815,42.3472406,-89.03899559999999
Selma ,CA,22807,36.5707838,-119.6120765
Austin ,MN,22800,43.6666296,-92.97463669999999
Moscow ,ID,22798,46.73238749999999,-117.0001651
East Peoria ,IL,22760,40.666149,-89.5800978
Oak Harbor ,WA,22744,48.2931559,-122.6432245
Woodburn ,OR,22728,45.143731,-122.8553725
Brawley ,CA,22725,32.9786566,-115.530267
Canton ,GA,22724,34.2367621,-84.4907621
Palmetto Bay,FL,22666,25.6217715,-80.3247748
Highland,IN,22641,41.5536468,-87.451984
Coronado ,CA,22633,32.6858853,-117.1830891
South Plainfield,NJ,22623,40.5792701,-74.4115401
Temple Terrace ,FL,22619,28.0352964,-82.3892596
Duncan ,OK,22617,34.5023028,-97.9578128
Park Forest,IL,22583,41.4914236,-87.6744891
Willoughby ,OH,22561,41.6397696,-81.4065011
Van Buren ,AR,22543,35.436756,-94.34826799999999
Greenwood ,SC,22533,34.1954001,-82.1617883
Derby ,KS,22517,37.5455735,-97.2689331
Muscatine ,IA,22504,41.424473,-91.0432051
Morton Grove,IL,22478,42.0405852,-87.78256209999999
Alliance ,OH,22476,40.9153362,-81.10593089999999
Kingston ,NY,22441,41.9270367,-73.9973608
Keene ,NH,22407,42.933692,-72.2781409
Kernersville,NC,22392,36.1198588,-80.07365329999999
Darien ,IL,22370,41.7483483,-87.9737943
Key West ,FL,22364,24.5550593,-81.7799871
Kinston ,NC,22360,35.2626635,-77.5816353
Webster Groves ,MO,22335,38.5925524,-90.3573389
Laurel ,MD,22329,39.0992752,-76.8483061
Blue Island ,IL,22325,41.6572562,-87.68004859999999
Eagle Mountain ,UT,22309,40.31411689999999,-112.006882
Searcy ,AR,22299,35.2468204,-91.73368459999999
Chillicothe ,OH,22296,39.3331197,-82.9824019
Agoura Hills ,CA,22283,34.1533395,-118.7616764
Garden City,NY,22275,40.7267682,-73.6342954
El Cerrito ,CA,22222,37.9161326,-122.310765
Villa Park,IL,22198,41.8897519,-87.98895429999999
Syracuse ,UT,22195,41.0893878,-112.0646657
Calabasas ,CA,22185,34.1367208,-118.6614809
Brandon ,MS,22160,32.2732024,-89.9859158
McKeesport ,PA,22130,40.3470671,-79.8641232
Hastings ,MN,22126,44.7443293,-92.8513706
Leesburg ,FL,22113,28.810823,-81.87785819999999
Munster,IN,22105,41.5644798,-87.5125412
Athens ,OH,22088,39.3292396,-82.1012554
Del City ,OK,22067,35.4420062,-97.4408698
Herndon,VA,22045,38.9695545,-77.3860976
Radcliff ,KY,22013,37.8403456,-85.9491298
Faribault ,MN,22009,44.2949636,-93.268827
Lumberton ,NC,22006,34.6182199,-79.0086424
Troy ,OH,21975,40.0394982,-84.20327669999999
Mooresville,NC,21954,35.5848596,-80.8100724
Waynesboro ,VA,21953,38.0684692,-78.8894682
Bainbridge Island ,WA,21890,47.62487910000001,-122.5210008
Clarksville,IN,21873,38.2967362,-85.759963
Solon ,OH,21866,41.3897764,-81.44122589999999
Melrose Park,IL,21853,41.9005865,-87.8567276
Ashland ,OH,21850,40.8686675,-82.3182178
Bloomingdale,IL,21848,41.9575285,-88.0809036
Libertyville,IL,21843,42.2830786,-87.9531303
Duarte ,CA,21839,34.1394513,-117.9772873
Kiryas Joel,NY,21793,41.3420381,-74.167924
Mauldin ,SC,21784,34.77873,-82.310119
Havelock ,NC,21764,34.8790492,-76.9013301
Grayslake,IL,21735,42.34446639999999,-88.04174599999999
Hazleton ,PA,21732,40.9584181,-75.97464719999999
Miami Lakes,FL,21727,25.9087056,-80.30866189999999
Blythe ,CA,21727,33.6177725,-114.5882607
Forest Park ,GA,21726,33.6220542,-84.36909179999999
Mount Juliet ,TN,21718,36.200055,-86.5186054
Charleston ,IL,21715,39.4961458,-88.1761521
Crystal ,MN,21707,45.0327425,-93.3602286
Independence ,KY,21694,38.94311829999999,-84.54410899999999
Jacksonville Beach ,FL,21673,30.2841224,-81.3961338
Johnstown ,PA,21641,40.32674069999999,-78.9219698
South Salt Lake ,UT,21607,40.7188354,-111.8882691
Loma Linda ,CA,21601,34.0483474,-117.2611527
Columbus ,NE,21595,41.43029730000001,-97.3593904
Georgetown ,KY,21589,38.2097967,-84.55883109999999
New Brighton ,MN,21563,45.0655212,-93.2018908
Naples ,FL,21532,26.1420358,-81.7948103
Ridgeland ,MS,21509,32.4284761,-90.1323087
Prairie Village ,KS,21479,38.9916726,-94.6335684
Port Hueneme ,CA,21478,34.1477829,-119.1951074
Ypsilanti ,MI,21464,42.2411499,-83.61299389999999
Shelby ,NC,21449,35.2923513,-81.5356463
Biddeford ,ME,21435,43.4925843,-70.45338439999999
Edgewater ,FL,21415,28.9888754,-80.9022758
South El Monte ,CA,21397,34.0519548,-118.0467339
Adrian ,MI,21391,41.8975471,-84.03716589999999
Ashland ,OR,21390,42.1945758,-122.7094767
Monroe ,MI,21374,41.9164343,-83.3977101
Ashland ,KY,21346,38.4784144,-82.63793869999999
Plainview ,TX,21334,34.1847936,-101.7068417
Pottstown,PA,21288,40.2453741,-75.6496302
Pelham ,AL,21266,33.2856687,-86.8099885
South Euclid ,OH,21209,41.5231076,-81.5184553
Rosemount ,MN,21197,44.7394103,-93.12577230000001
Kalispell ,MT,21182,48.1919889,-114.3168131
La Porte ,IN,21174,41.611143,-86.7227195
Sapulpa ,OK,21173,35.9987007,-96.1141664
Westfield,IN,21171,40.0428151,-86.1274888
North Plainfield,NJ,21143,40.6301025,-74.4273743
South Elgin,IL,21131,41.9941938,-88.29229959999999
South Milwaukee ,WI,21129,42.9105722,-87.8606367
Ruston ,LA,21123,32.5232053,-92.63792699999999
Ferndale ,MI,21112,42.4605917,-83.1346478
Greenbelt ,MD,21098,39.0045544,-76.87552819999999
South Holland,IL,21083,41.6008681,-87.60698939999999
Mountain Brook ,AL,21061,33.5009384,-86.75221069999999
Lake Forest ,IL,20990,42.2586342,-87.840625
Sedalia ,MO,20990,38.7044609,-93.2282613
Forest Grove ,OR,20985,45.5198364,-123.1106631
Ferguson ,MO,20964,38.7442175,-90.3053915
Venice ,FL,20946,27.0997775,-82.4542632
Auburn Hills ,MI,20931,42.6875323,-83.2341028
Marquette ,MI,20916,46.5475825,-87.39559539999999
East Moline ,IL,20892,41.5008673,-90.4442979
Holly Springs,NC,20870,35.6512655,-78.8336218
Millbrae ,CA,20800,37.5985468,-122.3871942
Florence,AZ,20781,33.0314508,-111.3873431
Corinth ,TX,20773,33.1540091,-97.0647322
Mukilteo ,WA,20742,47.9445396,-122.3045815
North Augusta ,SC,20712,33.5018026,-81.9651152
Milwaukie ,OR,20707,45.4462305,-122.6392606
Milledgeville ,GA,20703,33.0801429,-83.2320991
Wadsworth ,OH,20696,41.0256101,-81.72985190000001
Gardner ,MA,20682,42.5750883,-71.998133
Roseburg ,OR,20681,43.216505,-123.3417381
Bixby ,OK,20678,35.9420431,-95.88332349999999
La Canada Flintridge ,CA,20671,34.2068182,-118.2000277
Junction City ,KS,20671,39.0286093,-96.83139779999999
West Mifflin,PA,20669,40.3634026,-79.86643749999999
Lockport ,NY,20630,43.1706128,-78.6903098
Oxford ,AL,20622,33.6142714,-85.8349648
Lake Zurich,IL,20610,42.19696889999999,-88.0934108
Riverbank ,CA,20606,37.7360396,-120.9354895
Arnold ,MO,20603,38.4328317,-90.3776187
Roselle,NJ,20599,40.6527292,-74.2592769
Piqua ,OH,20582,40.1447732,-84.24244490000001
Summit ,NJ,20557,40.7146376,-74.3646122
Lebanon ,OH,20535,39.4353373,-84.2029922
Hamtramck ,MI,20512,42.3928151,-83.0496438
Cumberland ,MD,20495,39.6528654,-78.7625185
Watertown ,SD,20488,44.8994088,-97.1150732
Crest Hill ,IL,20451,41.554753,-88.0986709
Portsmouth ,NH,20443,43.0717552,-70.7625532
New Hope ,MN,20428,45.0380201,-93.3866185
Lexington ,NC,20407,35.8240265,-80.2533838
Yucca Valley,CA,20375,34.1141743,-116.432235
Kenmore ,WA,20374,47.7583576,-122.2496863
Mint Hill,NC,20369,35.1735404,-80.6570304
Hays ,KS,20368,38.8791783,-99.3267702
Farragut,TN,20350,35.8778548,-84.17113450000001
Golden Valley ,MN,20344,44.9917149,-93.3600034
Norwood ,OH,20341,39.1644798,-84.4542798
Dinuba ,CA,20335,36.5432837,-119.3870656
Easley ,SC,20325,34.829838,-82.6015206
Oakdale ,CA,20299,37.7665947,-120.8471545
Portsmouth ,OH,20297,38.7317431,-82.9976742
Saginaw ,TX,20295,32.8601275,-97.3639068
Klamath Falls ,OR,20276,42.224867,-121.7816704
Sebastian ,FL,20265,27.816415,-80.4706078
Rock Springs ,WY,20200,41.58746439999999,-109.2029043
Lino Lakes ,MN,20174,45.1602442,-93.0888324
Lomita ,CA,20156,33.7922392,-118.3150722
Point Pleasant,NJ,20139,40.0831714,-74.0681931
Bensenville,IL,20138,41.9550296,-87.94006569999999
Snellville ,GA,20112,33.857328,-84.0199108
Liberal ,KS,20074,37.0430812,-100.920999
Elizabeth City ,NC,20025,36.2946008,-76.2510461
Balch Springs ,TX,20003,32.7287413,-96.62277139999999
Brownsburg,IN,19994,39.8433769,-86.39777350000001
Gallup ,NM,19979,35.5280783,-108.7425843
College Park ,GA,19969,33.6534427,-84.4493725
Sidney ,OH,19944,40.2842164,-84.1554987
Maple Valley ,WA,19929,47.3733483,-122.0369239
Mountlake Terrace ,WA,19912,47.7881528,-122.3087405
El Dorado ,AR,19905,33.20763,-92.6662674
Brookings ,SD,19865,44.3113573,-96.79838769999999
Clinton ,UT,19855,41.139666,-112.0504983
Lynbrook,NY,19852,40.6548253,-73.67179689999999
Pleasant Prairie,WI,19847,42.5530753,-87.9334118
Hammond ,LA,19803,30.5043583,-90.46119949999999
Alice ,TX,19797,27.7522487,-98.0697249
Albertville ,AL,19794,34.2675937,-86.20886689999999
Miamisburg ,OH,19793,39.6428362,-84.2866083
McDonough ,GA,19768,33.4473361,-84.1468616
Parma Heights ,OH,19757,41.39005179999999,-81.7595769
Glassboro,NJ,19751,39.70289229999999,-75.1118422
Macomb ,IL,19736,40.4592076,-90.67179709999999
Bethany ,OK,19729,35.5186678,-97.63226390000001
Tinton Falls,NJ,19703,40.3042773,-74.1004185
Ashtabula ,OH,19689,41.8650534,-80.7898089
Fountain ,CO,19669,38.682219,-104.7008056
Shelbyville ,TN,19669,35.483406,-86.46027169999999
Deerfield,IL,19667,42.1711365,-87.8445119
Pittsburg ,KS,19649,37.410884,-94.70496
East Ridge ,TN,19642,34.99474410000001,-85.2256635
Northfield ,MN,19633,44.4582983,-93.161604
Hialeah Gardens ,FL,19631,25.8650961,-80.3244957
Germantown,WI,19594,43.2286174,-88.1103691
Nogales ,AZ,19573,31.3403775,-110.9342532
Cary,IL,19559,42.21324990000001,-88.24768499999999
South St. Paul ,MN,19552,44.8759802,-93.0275802
Stafford ,TX,19541,29.6160671,-95.55772209999999
Terrell ,TX,19527,32.7359626,-96.2752569
Eastlake ,OH,19520,41.65393590000001,-81.4503924
Ennis ,TX,19506,32.3293111,-96.6252679
Orange ,TX,19494,30.0929879,-93.7365549
Murrysville,PA,19488,40.4284015,-79.69754499999999
Christiansburg,VA,19477,37.1298517,-80.4089389
Acworth ,GA,19476,34.0659329,-84.6768796
Eagle ,ID,19471,43.6954424,-116.3540138
Sulphur ,LA,19450,30.2365943,-93.37737829999999
Crestview ,FL,19444,30.7541808,-86.5727995
Ottawa ,IL,19419,41.3455892,-88.8425769
Jacksonville ,IL,19415,39.733936,-90.2290098
Plattsburgh ,NY,19393,44.6994873,-73.4529124
Palisades Park,NJ,19375,40.8481556,-73.99763899999999
Evergreen Park,IL,19359,41.7205889,-87.7017175
Hermosa Beach ,CA,19350,33.8622366,-118.3995194
Thomasville ,GA,19286,30.8365815,-83.9787808
Niles ,OH,19268,41.1828353,-80.76535799999999
Morristown,NJ,19268,40.79676670000001,-74.4815438
Mokena,IL,19236,41.5261437,-87.8892189
Seymour ,IN,19223,38.9592201,-85.8902547
Brook Park ,OH,19194,41.3983838,-81.8045788
Chowchilla ,CA,19193,37.1229997,-120.2601754
Sylvania ,OH,19185,41.7189392,-83.7129935
Brownwood ,TX,19140,31.7093197,-98.9911611
Louisville ,CO,19133,39.977763,-105.1319296
Eustis ,FL,19129,28.8527675,-81.6853534
Mineola,NY,19108,40.7492678,-73.64068449999999
Madisonville ,KY,19106,37.32810050000001,-87.4988882
Daphne ,AL,19093,30.6035255,-87.9036047
Farmington ,MN,19057,44.6402434,-93.1435497
Haines City ,FL,19056,28.1141841,-81.61785359999999
Wilsonville ,OR,19055,45.2998418,-122.7737062
Patterson ,CA,19034,37.4716001,-121.129656
Warrensburg ,MO,19034,38.7627893,-93.73604979999999
Bourbonnais,IL,19024,41.1760108,-87.87952299999999
Fairmont ,WV,19024,39.4850848,-80.1425781
Cartersville ,GA,19010,34.1650972,-84.7999382
Seminole ,FL,19002,27.8397466,-82.79121339999999
Decatur ,GA,18986,33.7748275,-84.2963123
Trussville ,AL,18985,33.6198251,-86.60887559999999
Port Angeles ,WA,18982,48.118146,-123.4307413
Indian Trail,NC,18976,35.0768141,-80.6692352
Coalinga ,CA,18974,36.139678,-120.3601496
Bellwood,IL,18973,41.8814197,-87.883117
West St. Paul ,MN,18935,44.9160768,-93.10160739999999
Birmingham ,MI,18932,42.5467012,-83.21131919999999
Oregon ,OH,18921,41.6436603,-83.48687679999999
Altus ,OK,18912,34.637765,-99.3340442
Rocky River ,OH,18900,41.4768217,-81.8497567
Fort Walton Beach ,FL,18880,30.42007079999999,-86.6170308
Pleasantville ,NJ,18853,39.3898388,-74.5240422
Selma ,AL,18847,32.4073589,-87.02110069999999
Evans ,CO,18842,40.3763701,-104.6921874
Nixa ,MO,18829,37.0433863,-93.294353
Steubenville ,OH,18820,40.3697905,-80.63396379999999
Cudahy ,WI,18809,42.959738,-87.861471
Pinole ,CA,18808,38.0043667,-122.2988587
Moses Lake ,WA,18800,47.1301417,-119.2780771
Greenfield ,IN,18787,39.785043,-85.7694226
Weirton ,WV,18748,40.41895660000001,-80.58951669999999
Brigham City ,UT,18709,41.5102129,-112.0155015
St. Matthews ,KY,18709,38.2435659,-85.63577889999999
Laurel ,MS,18693,31.6940509,-89.1306124
Alsip,IL,18692,41.6689223,-87.73866190000001
Sachse ,TX,18688,32.9762327,-96.5952703
Central Falls ,RI,18683,41.8906553,-71.3922785
Logansport ,IN,18663,40.7544843,-86.3566659
Elmwood Park,NJ,18634,40.9039878,-74.118476
Pinecrest,FL,18614,25.6622835,-80.3070395
Angleton ,TX,18613,29.16941,-95.4318847
Tullahoma ,TN,18579,35.3620235,-86.20943419999999
Manchester ,MO,18569,38.5969977,-90.5092882
Baldwin,PA,18562,40.3381252,-79.9789404
Shelbyville ,IN,18516,39.5214373,-85.7769238
Forest Park ,OH,18514,39.2903353,-84.50411079999999
Ansonia ,CT,18503,41.34620779999999,-73.07899689999999
Sand Springs ,OK,18489,36.1398102,-96.108891
Coralville ,IA,18478,41.6822756,-91.5960643
Homewood,IL,18475,41.5572567,-87.6656014
Painesville ,OH,18474,41.7244885,-81.245657
Orinda ,CA,18445,37.8771476,-122.1796888
Hinsdale,IL,18439,41.8008642,-87.9370052
Rolla ,MO,18438,37.948544,-91.7715303
Cortland ,NY,18434,42.6011813,-76.1804843
Mamaroneck,NY,18413,40.94870969999999,-73.7326309
Palestine ,TX,18390,31.7621153,-95.6307891
McAlester ,OK,18388,34.9334298,-95.76971309999999
Carlisle,PA,18379,40.2010241,-77.20027449999999
Universal City ,TX,18376,29.5480071,-98.2911235
New Castle ,IN,18339,39.928935,-85.3702476
West Chester,PA,18315,39.9606643,-75.6054882
Chambersburg,PA,18302,39.9375911,-77.6611022
Augusta ,ME,18282,44.3106241,-69.7794897
Marshfield ,WI,18267,44.6688524,-90.1717987
Natchitoches ,LA,18241,31.7607195,-93.08627489999999
Marysville ,OH,18212,40.2364486,-83.3671432
Columbia Heights ,MN,18210,45.0481968,-93.2474098
Bellaire ,TX,18197,29.7057858,-95.4588299
Whitehall ,OH,18180,39.9667308,-82.8854559
Laguna Woods ,CA,18170,33.6101702,-117.7251162
Carrboro,NC,18162,35.9101438,-79.0752895
Newton ,KS,18133,38.0466779,-97.34503649999999
Saco ,ME,18125,43.5009176,-70.4428286
Covington ,WA,18115,47.3595592,-122.118012
Ozark ,MO,18095,37.0208865,-93.2060163
Mandan ,ND,18091,46.8266603,-100.8895761
Brookfield,IL,18077,41.8239203,-87.8517253
Windsor,CO,18058,40.4774818,-104.9013617
Clarksdale ,MS,18006,34.2001086,-90.5709323
Hawthorne,NJ,17997,40.9492649,-74.1537549
Montrose ,CO,17989,38.4783198,-107.8761738
Berea ,OH,17987,41.3661614,-81.8543026
Frankfort,IL,17981,41.4958665,-87.84866129999999
Vincennes ,IN,17976,38.677269,-87.5286325
Franklin Park,IL,17965,41.9348537,-87.87952299999999
Trenton ,MI,17965,42.1394858,-83.1782587
Hazel Park ,MI,17955,42.4625362,-83.1040912
Camas ,WA,17950,45.58706309999999,-122.3995363
Marina ,CA,17943,36.68440289999999,-121.802173
Stillwater ,MN,17896,45.056004,-92.80884429999999
Bay City ,TX,17891,28.9827565,-95.969402
Lenoir ,NC,17890,35.9140196,-81.5389849
Dickinson ,TX,17886,29.4607876,-95.0513172
Belton ,TX,17876,31.0560132,-97.46445299999999
Dover,NJ,17860,40.883988,-74.5621025
Willmar ,MN,17774,45.1223711,-95.048659
Colonial Heights ,VA,17768,37.244039,-77.4102607
Mayfield Heights ,OH,17737,41.5192189,-81.45789599999999
Mustang ,OK,17727,35.384226,-97.7244867
Washington ,UT,17716,37.1305373,-113.5082867
Raymore ,MO,17703,38.801953,-94.4527294
Takoma Park ,MD,17701,38.9778882,-77.0074765
Scarsdale,NY,17695,41.0050977,-73.7845768
Herriman ,UT,17689,40.5141147,-112.0329938
Westminster ,MD,17689,39.5753791,-76.9958149
North Ogden ,UT,17682,41.3071645,-111.9602196
Madison ,MS,17681,32.4618086,-90.1153638
Sycamore ,IL,17679,41.9889173,-88.6867538
Lackawanna ,NY,17588,42.8256141,-78.8233664
New Port Richey ,FL,17578,28.2441768,-82.7192671
South Burlington ,VT,17574,44.4669941,-73.1709604
Springboro ,OH,17551,39.5522815,-84.2332718
Newburyport ,MA,17542,42.8125913,-70.87727509999999
Amsterdam ,NY,17533,42.9377453,-74.190356
Pickerington ,OH,17531,39.8842304,-82.7535049
Godfrey,IL,17524,38.9556031,-90.1867764
Wilkinsburg,PA,17522,40.4417355,-79.8819942
Douglas ,AZ,17515,31.3445471,-109.5453447
Converse ,TX,17510,29.5180081,-98.3161241
Dublin ,GA,17509,32.5404447,-82.90375399999999
Lindenwold,NJ,17485,39.8201681,-74.9851678
Gardner ,KS,17462,38.8108408,-94.9271868
Claremore ,OK,17458,36.3125963,-95.61609
Rutherford,NJ,17454,40.826489,-74.10680909999999
Hannibal ,MO,17432,39.7083789,-91.35848159999999
Payson ,UT,17429,40.0443989,-111.7321518
Bristol ,VA,17424,36.595141,-82.1888089
Matteson,IL,17420,41.5039235,-87.71310179999999
Dixon ,CA,17412,38.4454641,-121.8232958
Twinsburg ,OH,17394,41.3125552,-81.4401129
Albert Lea ,MN,17389,43.6478006,-93.3686555
Marion ,IL,17388,37.7306054,-88.9331256
Massapequa Park,NY,17385,40.6804893,-73.4553119
Pampa ,TX,17382,35.5361559,-100.9598709
Sherwood ,OR,17373,45.3565074,-122.840098
Forest Lake ,MN,17373,45.2788561,-92.9852183
Kirksville ,MO,17368,40.19475389999999,-92.5832496
Oswego ,NY,17351,43.4553461,-76.5104973
Tiffin ,OH,17347,41.1144992,-83.1779746
Susanville ,CA,17336,40.4162842,-120.6530063
Golden ,CO,17321,39.755543,-105.2210997
New Philadelphia ,OH,17319,40.4897871,-81.4456706
Tallmadge ,OH,17293,41.1014451,-81.441779
Anoka ,MN,17289,45.1977428,-93.3871758
Tifton ,GA,17284,31.4504629,-83.5084973
Broadview Heights ,OH,17274,41.3139426,-81.6851271
Oxford ,MS,17265,34.3664951,-89.5192484
Springfield ,TN,17261,36.5092118,-86.8849984
Ashwaubenon,WI,17235,44.4822137,-88.0701033
Clemmons,NC,17234,36.0215258,-80.3819984
Farmington ,UT,17217,40.9804999,-111.8874392
Sugar Hill ,GA,17204,34.1064895,-84.0335197
Lathrop ,CA,17197,37.8227046,-121.27661
Sheridan ,WY,17197,44.7971939,-106.9561791
Morganton ,NC,17194,35.7454071,-81.6848188
Erlanger ,KY,17188,39.0167275,-84.60077729999999
Wayne ,MI,17186,42.2814269,-83.3863214
Arroyo Grande ,CA,17180,35.1185868,-120.5907252
Mattoon ,IL,17177,39.48308970000001,-88.37282549999999
Wisconsin Rapids ,WI,17164,44.38357630000001,-89.8173465
Santa Fe Springs ,CA,17159,33.9472359,-118.0853451
Elko ,NV,17156,40.8324211,-115.7631232
Ocean Springs ,MS,17149,30.4113097,-88.8278057
Avenal ,CA,17147,36.0041223,-120.1290272
Fairhope ,AL,17147,30.5229719,-87.9033261
Simpsonville ,SC,17144,34.7370639,-82.25428339999999
Ellensburg ,WA,17141,46.9965144,-120.5478474
Dyersburg ,TN,17126,36.0345159,-89.38562809999999
Poplar Bluff ,MO,17096,36.7569994,-90.392888
Donna ,TX,17094,26.1703525,-98.05194999999999
Tukwila ,WA,17092,47.4739884,-122.2609558
Safety Harbor ,FL,17089,27.9908529,-82.6931553
Avon ,OH,17086,41.4517093,-82.03542250000001
Goodlettsville ,TN,17075,36.3231066,-86.7133302
Laconia ,NH,17065,43.5278546,-71.4703509
Chickasha ,OK,17062,35.052565,-97.93643259999999
Monroe ,WA,17059,47.8553772,-121.9709579
Sikeston ,MO,17053,36.876719,-89.5878579
Moraga,CA,17050,37.8349263,-122.1296871
Perrysburg ,OH,17049,41.556996,-83.627157
Arcata ,CA,17044,40.8665166,-124.0828396
Martinsburg ,WV,17020,39.4562099,-77.96388689999999
Fuquay-Varina,NC,17002,35.5843235,-78.80001279999999
Vero Beach ,FL,16982,27.6386434,-80.39727359999999
Dumont,NJ,16968,40.9406541,-73.9968051
Union City ,GA,16961,33.5870558,-84.5424299
Hopkins ,MN,16961,44.9260794,-93.4044187
Talladega ,AL,16943,33.4359416,-86.1058048
North Canton ,OH,16925,40.875891,-81.4023356
Palos Hills ,IL,16924,41.6966992,-87.8169984
Stephenville ,TX,16921,32.2206958,-98.2022633
Bartow ,FL,16919,27.8964147,-81.8431374
Mill Creek ,WA,16907,47.8600971,-122.2042966
Mineral Wells ,TX,16880,32.8084605,-98.1128223
Creve Coeur ,MO,16868,38.6608855,-90.42261800000001
Sevierville ,TN,16846,35.8681455,-83.56183500000002
Beckley ,WV,16832,37.7781702,-81.1881557
Battle Ground ,WA,16812,45.7809491,-122.5334307
Arlington ,WA,16810,48.1987118,-122.1251418
Bonney Lake ,WA,16809,47.1770457,-122.1865056
Anacortes ,WA,16798,48.51260449999999,-122.6126718
Mount Clemens ,MI,16781,42.5972563,-82.8779754
Onalaska ,WI,16778,43.8844092,-91.23513930000001
St. Marys ,GA,16763,30.7478954,-81.57061089999999
Howard,WI,16753,44.5623531,-88.08030509999999
Round Lake,IL,16748,42.353355,-88.0934145
Rutland ,VT,16742,43.6106237,-72.9726065
Highland Village ,TX,16737,33.091788,-97.0466759
Ada ,OK,16729,34.774531,-96.6783449
Country Club Hills ,IL,16723,41.5680898,-87.72032569999999
Grandville ,MI,16718,42.9097484,-85.7630885
Rancho Mirage ,CA,16714,33.739744,-116.41279
Belle Glade ,FL,16681,26.6845104,-80.6675577
Fremont ,OH,16655,41.3503303,-83.1218634
Fairview Heights ,IL,16643,38.5889386,-89.990382
La Vista ,NE,16643,41.18388780000001,-96.031127
Shively ,KY,16641,38.2000701,-85.8227413
Millbrook ,AL,16640,32.4798575,-86.36191629999999
Norwalk ,OH,16637,41.24255309999999,-82.6157331
Menasha ,WI,16627,44.2022084,-88.44649729999999
Tahlequah ,OK,16623,35.91537,-94.969956
Alamo ,TX,16608,26.1836854,-98.1230638
Winchester ,KY,16598,37.990079,-84.17965029999999
Murray ,KY,16557,36.6103334,-88.31476099999999
Asbury Park ,NJ,16546,40.2203907,-74.0120817
El Reno ,OK,16545,35.5322741,-97.9550493
Westbrook ,ME,16534,43.6770252,-70.3711617
Americus ,GA,16524,32.0723861,-84.23268759999999
Huntington ,IN,16521,40.8831011,-85.49747599999999
Yorkville ,IL,16505,41.6411409,-88.44729480000001
Central Point ,OR,16503,42.3759586,-122.9164307
Portland ,TX,16490,27.8772463,-97.3238805
Cocoa ,FL,16478,28.3861159,-80.7419984
Midlothian ,TX,16478,32.482361,-96.9944489
Gainesville ,TX,16452,33.62594139999999,-97.1333453
Durant ,OK,16450,33.9924186,-96.39712329999999
Mesquite ,NV,16444,36.80553099999999,-114.06719
Palm Springs,FL,16442,26.6359009,-80.0961538
Clarksburg ,WV,16441,39.2806451,-80.34453409999999
Erie,CO,16432,40.0502623,-105.0499817
Durango ,CO,16416,37.27528,-107.8800667
Natchez ,MS,16413,31.5604442,-91.40317100000001
Roanoke Rapids ,NC,16403,36.4615395,-77.6541464
Gretna ,LA,16399,29.9146493,-90.0539603
Frankfort ,IN,16394,40.2794809,-86.5108355
Bella Vista,AR,16388,36.481464,-94.2732642
Phoenixville,PA,16382,40.1303822,-75.51491279999999
Pendleton ,OR,16380,45.672075,-118.7885967
South Houston ,TX,16351,29.663008,-95.2354902
Punta Gorda ,FL,16343,26.9297836,-82.0453664
Hermitage ,PA,16327,41.2333896,-80.44868
Sunny Isles Beach ,FL,16317,25.9428707,-80.1233802
American Canyon ,CA,16315,38.1749178,-122.2608044
Griffith,IN,16311,41.5283693,-87.42364970000001
Gautier ,MS,16306,30.385755,-88.6116854
DeBary ,FL,16303,28.8713443,-81.32893969999999
White Settlement ,TX,16301,32.7595737,-97.4583538
Mount Vernon ,IL,16298,38.3172714,-88.9031201
Suwanee ,GA,16277,34.0514898,-84.0712997
Brunswick ,GA,16269,31.1499528,-81.49148939999999
Artesia ,CA,16244,33.8658484,-118.0831212
Middleton ,WI,16244,43.09721740000001,-89.5042876
El Segundo ,CA,16217,33.9191799,-118.4164652
Hibbing ,MN,16209,47.42715459999999,-92.9376887
Maumelle ,AR,16201,34.8667565,-92.4043219
Easthampton ,MA,16195,42.266757,-72.66897999999999
Highland ,UT,16189,40.4248665,-111.7979285
Truckee,CA,16185,39.327962,-120.1832533
Lemont,IL,16176,41.673642,-88.0017261
Uvalde ,TX,16142,29.20968359999999,-99.7861679
Radford ,VA,16125,37.13179239999999,-80.5764477
Blytheville ,AR,16105,35.9272953,-89.9189753
Farmington ,MO,16097,37.7808846,-90.4217895
Nederland ,TX,16096,29.9743803,-93.9923965
Taylor ,TX,16090,30.5707551,-97.40944379999999
Clayton ,MO,16088,38.6425518,-90.32372629999999
Greenwood ,MS,16084,33.5162315,-90.1795281
Hanahan ,SC,16065,32.9305786,-80.0031833
Defiance ,OH,16063,41.2844933,-84.3557802
Saratoga Springs ,UT,16053,40.3301898,-111.9044877
Prospect Heights ,IL,16047,42.0953049,-87.9375694
Aberdeen ,WA,16042,46.9753708,-123.8157218
Morton,IL,16039,40.6128161,-89.45926089999999
Mount Vernon ,OH,16037,40.3933956,-82.4857181
Dickinson ,ND,16035,46.8791756,-102.7896242
Waterville ,ME,16016,44.5520105,-69.6317121
Madison,NJ,16009,40.7598227,-74.417097
Albany ,CA,16004,37.88687,-122.2977475
New Milford,NJ,15947,40.9350986,-74.0190281
Dyer,IN,15913,41.4942021,-87.52170679999999
Lexington,SC,15901,33.9815369,-81.2362107
Conway ,SC,15894,33.8360034,-79.0478143
Dallas ,OR,15892,44.9192844,-123.3170472
South Ogden ,UT,15891,41.1918886,-111.9713304
Canon City ,CO,15889,38.4494063,-105.2253316
Stuart ,FL,15858,27.197548,-80.2528257
Henderson ,NC,15850,36.3295905,-78.3991638
Floral Park,NY,15846,40.7237133,-73.7048532
Clayton,NC,15841,35.650711,-78.4563914
North Myrtle Beach ,SC,15816,33.8160058,-78.680016
North Aurora,IL,15812,41.8061399,-88.3272952
Shafter ,CA,15800,35.5005139,-119.2717761
Newport ,KY,15766,39.091449,-84.4957757
Fairview Park ,OH,15762,41.4414366,-81.8643039
Hueytown ,AL,15751,33.4512197,-86.9966606
Centerville ,UT,15720,40.9180005,-111.8721601
Westchester,IL,15710,41.8498339,-87.8806738
Centralia ,WA,15710,46.7162136,-122.9542972
Johnston ,IA,15691,41.6709834,-93.7130493
Red Wing ,MN,15687,44.5660691,-92.5369563
South River,NJ,15682,40.446495,-74.38598309999999
Coos Bay ,OR,15665,43.3665007,-124.2178903
Canby ,OR,15637,45.2622655,-122.6921006
Marco Island ,FL,15634,25.9397412,-81.70753549999999
Overland ,MO,15632,38.7011626,-90.3623381
Powder Springs ,GA,15614,33.8595491,-84.683824
La Palma ,CA,15603,33.8463218,-118.0461393
Jenks ,OK,15590,36.0228734,-95.9683278
West University Place ,TX,15583,29.7180075,-95.43382919999999
Menomonie ,WI,15581,44.8755183,-91.9193422
Great Bend ,KS,15564,38.3644567,-98.7648073
Laurinburg ,NC,15548,34.7740494,-79.46282479999999
Lansdale,PA,15526,40.2414952,-75.2837862
Danville ,KY,15524,37.6456329,-84.77217019999999
Albemarle ,NC,15522,35.3501426,-80.2000578
Shorewood,IL,15521,41.5200305,-88.2017293
Hopatcong,NJ,15491,40.9328762,-74.6593281
Payson,AZ,15486,34.2308684,-111.3251355
Deming ,NM,15480,32.2686981,-107.7586404
Sulphur Springs ,TX,15473,33.1384479,-95.6010668
Eden ,NC,15469,36.4884715,-79.7667026
Greeneville,TN,15440,36.1631574,-82.83098609999999
Troutdale ,OR,15438,45.5392862,-122.3873133
Kaukauna ,WI,15414,44.2780432,-88.27205029999999
Moultrie ,GA,15409,31.1799407,-83.7888387
Center Point ,AL,15408,33.6456583,-86.68360009999999
Lebanon ,IN,15400,40.0483744,-86.4691677
Lebanon ,OR,15397,44.53651190000001,-122.9070339
Hyattsville ,MD,15376,38.9559442,-76.9455301
Secaucus,NJ,15372,40.7895453,-74.05652979999999
West Melbourne ,FL,15328,28.0716832,-80.65338779999999
Depew,NY,15307,42.9039476,-78.6922515
Hermiston ,OR,15297,45.8404101,-119.2894605
Cullman ,AL,15295,34.1748208,-86.8436124
Opa-locka ,FL,15287,25.9023168,-80.25032709999999
Riverdale ,GA,15279,33.5726113,-84.4132594
St. Michael ,MN,15278,45.209964,-93.6649642
Brenham ,TX,15270,30.1668828,-96.39774419999999
Lynn Haven ,FL,15254,30.2454776,-85.64826099999999
Gatesville ,TX,15252,31.4351645,-97.743911
Greensburg ,PA,15249,40.3014581,-79.5389289
La Grange,IL,15244,41.8050314,-87.8692254
Clive ,IA,15234,41.6060873,-93.77235999999999
Montgomery,IL,15229,41.730585,-88.3459048
Hawaiian Gardens ,CA,15229,33.8314045,-118.0728424
Forest Park,IL,15224,41.8794758,-87.81367
Forney ,TX,15223,32.7481845,-96.4719312
Greenfield ,CA,15222,36.3207998,-121.2438138
Fort Thomas ,KY,15222,39.07506070000001,-84.4471633
Batavia ,NY,15202,42.9981156,-78.1875167
Harrison,NJ,15201,40.7464901,-74.1562551
Milton ,GA,15156,34.1321631,-84.30066599999999
Grosse Pointe Woods ,MI,15154,42.4436478,-82.90686029999999
Troy ,AL,15148,31.8087678,-85.969951
Lake Mary ,FL,15143,28.7588833,-81.3178446
Fayetteville ,GA,15136,33.4487257,-84.4549262
Beaver Dam ,WI,15133,43.4577692,-88.837329
Mercedes ,TX,15131,26.1497977,-97.91361119999999
Sterling ,IL,15124,41.788642,-89.69621939999999
Cahokia,IL,15103,38.5708849,-90.1901113
Alexander City ,AL,15080,32.944012,-85.9538532
Arvin ,CA,15070,35.2017986,-118.833105
Westbury,NY,15065,40.7556561,-73.5876273
Rye ,NY,15060,40.9806535,-73.68373989999999
Fillmore ,CA,15053,34.3991639,-118.918154
Crawfordsville ,IN,15043,40.0411536,-86.87445160000001
Newton ,IA,15042,41.7033177,-93.05735330000002
Clearlake ,CA,15040,38.9582307,-122.6263728
Bryant ,AR,15040,34.5959265,-92.48904689999999
Dixon ,IL,15033,41.8389213,-89.47954779999999
Bellevue,WI,15031,44.4643249,-87.9563148
Bridgeton ,MO,15028,38.7669954,-90.41150569999999
Hanover,PA,15025,39.8006553,-76.9830358
Cohoes ,NY,15025,42.7742446,-73.70011869999999
Ham Lake ,MN,15020,45.2502429,-93.2499507
Mount Pleasant ,TX,15011,33.1567863,-94.96826899999999
Kenmore,NY,15002,42.9658907,-78.870036
Scottsboro ,AL,14994,34.6723069,-86.03414629999999
Bridgeview,IL,14991,41.7500323,-87.80422159999999
Paradise Valley,AZ,14990,33.5311541,-111.9426452
Gloversville ,NY,14990,43.0528506,-74.3437467
Covington ,GA,14980,33.5967815,-83.8601827
Bradley,IL,14964,41.14197679999999,-87.8611535
Addison,TX,14964,32.96179,-96.82916850000001
Owosso ,MI,14963,42.9978049,-84.1766358
Ukiah ,CA,14956,39.1501709,-123.2077831
Sunnyside ,WA,14949,46.3237423,-120.0086538
Lady Lake,FL,14940,28.9174855,-81.92286039999999
New Franklin ,OH,14937,40.94172289999999,-81.5415079
Maitland ,FL,14931,28.6277767,-81.36312439999999
Middleburg Heights ,OH,14928,41.3614401,-81.812912
Vienna,VA,14903,38.9012225,-77.2652604
Fraser ,MI,14902,42.539202,-82.9493652
Humble ,TX,14899,29.99883119999999,-95.26215529999999
Pooler ,GA,14875,32.115481,-81.2470574
Reidsville ,NC,14871,36.3548586,-79.6644747
Sharon ,PA,14869,41.2331116,-80.4934035
Elkton,MD,14842,39.60677889999999,-75.83327179999999
Siloam Springs ,AR,14825,36.1881365,-94.54049619999999
Tonawanda ,NY,14819,43.0203347,-78.880315
Calhoun ,GA,14807,34.502587,-84.9510542
Berkley ,MI,14787,42.5030908,-83.1835389
Scottsbluff ,NE,14785,41.8666341,-103.6671662
Murphy ,TX,14779,33.0151205,-96.6130486
Pineville ,LA,14776,31.3224044,-92.4343035
Waycross ,GA,14774,31.2135511,-82.3540178
Ocean City ,NJ,14756,39.2776156,-74.5746001
Indiana,PA,14754,40.6214551,-79.15253489999999
Washington ,PA,14754,40.17396,-80.2461714
Mitchell ,SD,14752,43.7094283,-98.0297992
Johnson City,NY,14727,42.1156308,-75.95880919999999
Boulder City ,NV,14720,35.9782216,-114.8345117
Allouez,WI,14718,44.4774923,-88.0162144
Ozark ,AL,14711,31.459017,-85.640289
North Arlington,NJ,14701,40.788434,-74.1331988
Lindenhurst,IL,14695,42.4105765,-88.02619109999999
Oroville ,CA,14684,39.5137752,-121.556359
Easton,MD,14677,38.7742826,-76.0763305
Grenada ,MS,14664,33.7690049,-89.8084192
Tenafly,NJ,14662,40.9253766,-73.9629154
Panama City Beach ,FL,14642,30.1765914,-85.8054879
Helena ,AL,14639,33.296224,-86.8436004
Jamestown ,ND,14630,46.9105438,-98.7084357
Jennings ,MO,14625,38.7192175,-90.26039030000001
Front Royal,VA,14616,38.9181671,-78.1944446
Bay Village ,OH,14606,41.4847662,-81.92208450000001
Canyon ,TX,14602,34.9803342,-101.9188024
Pacific Grove ,CA,14601,36.6177374,-121.9166215
Ramsey,NJ,14595,41.0573188,-74.1409771
Beacon ,NY,14566,41.5048158,-73.9695832
California City ,CA,14556,35.125801,-117.9859038
Cibolo ,TX,14555,29.561618,-98.2269553
Aurora ,OH,14548,41.3175549,-81.3453858
Canton ,IL,14545,40.5580945,-90.03511669999999
Martinsville ,VA,14543,36.6915262,-79.8725386
Lincoln ,IL,14541,40.1483768,-89.3648183
Graham ,NC,14533,36.0690258,-79.4005756
Phillipsburg,NJ,14528,40.69370989999999,-75.1901761
Eufaula ,AL,14502,31.8912717,-85.1454876
Hereford ,TX,14499,34.8150622,-102.3977036
Streetsboro ,OH,14488,41.2392227,-81.3459405
Lake Wales ,FL,14474,27.9014133,-81.58590989999999
Ripon ,CA,14473,37.7394537,-121.1354141
Sunland Park ,NM,14453,31.796496,-106.5799891
West Park ,FL,14432,25.984536,-80.19893619999999
Berea ,KY,14431,37.568694,-84.2963223
Pottsville ,PA,14405,40.6856456,-76.195499
Traverse City ,MI,14398,44.7630567,-85.62063169999999
Groves ,TX,14393,29.94826949999999,-93.9171155
Washington ,MO,14392,38.55810719999999,-91.01208779999999
Jacksonville ,TX,14367,31.963778,-95.27050419999999
Indianola ,IA,14361,41.3580484,-93.5574376
Stockbridge ,GA,14360,33.5442781,-84.23380929999999
Auburndale ,FL,14353,28.0652975,-81.7886906
River Falls ,WI,14352,44.8613563,-92.6238082
Lebanon ,MO,14336,37.6805967,-92.6637865
Beech Grove ,IN,14316,39.7219884,-86.0899847
Marietta ,OH,14307,39.41535200000001,-81.45484359999999
Glasgow ,KY,14302,36.9958839,-85.91192149999999
Whitewater ,WI,14291,42.83362049999999,-88.7323272
Palmetto ,FL,14284,27.5214269,-82.57231929999999
Athens ,TN,14275,35.4428512,-84.5929898
Corinth ,MS,14253,34.9342548,-88.5222702
Zachary ,LA,14252,30.64851909999999,-91.1564961
Highland Park,NJ,14245,40.4959379,-74.4243178
La Marque ,TX,14236,29.3685674,-94.9713134
Greenwood Village ,CO,14230,39.6172101,-104.9508141
Moberly ,MO,14227,39.4183689,-92.43823669999999
Buffalo ,MN,14222,45.1717846,-93.8747929
Eatontown,NJ,14195,40.2962222,-74.0509725
Oconomowoc ,WI,14172,43.1116731,-88.4992659
Riverdale,IL,14163,41.63336779999999,-87.6331021
Lake St. Louis ,MO,14160,38.7809384,-90.78836040000002
Los Lunas,NM,14153,34.806166,-106.7333599
Highland Park ,MI,14153,42.4055925,-83.096868
Olean ,NY,14149,42.083639,-78.42992699999999
Jasper ,AL,14131,33.8312185,-87.2775053
Vandalia ,OH,14124,39.8906122,-84.1988308
Jasper ,IN,14116,38.3914418,-86.9311094
Tumwater ,WA,14100,47.0073187,-122.9093063
Sault Ste. Marie ,MI,14087,46.4952996,-84.3453169
Hazel Crest,IL,14075,41.571701,-87.6944915
Winder ,GA,14064,33.9926097,-83.7201709
Fort Payne ,AL,14061,34.4442547,-85.7196893
Thibodaux ,LA,14052,29.7957633,-90.82287099999999
Channahon,IL,14030,41.4294753,-88.2286735
Red Bluff ,CA,14025,40.1784886,-122.2358302
Aberdeen ,MD,13993,39.5095556,-76.16411970000001
Greendale,WI,13978,42.9405711,-87.9959191
Dunmore,PA,13978,41.4198027,-75.63241119999999
Culpeper,VA,13977,38.4729632,-77.9962512
Dickson ,TN,13972,36.0770048,-87.3877899
Elizabethton ,TN,13955,36.3487196,-82.21068760000001
Norridge,IL,13954,41.9633641,-87.82728399999999
Moss Point ,MS,13951,30.4115881,-88.53446009999999
Rio Grande City ,TX,13950,26.3797874,-98.8203046
Boone,NC,13945,36.216795,-81.6745517
Washington ,IL,13942,40.7036482,-89.4073123
Butler ,PA,13933,40.8611755,-79.89533279999999
Connersville ,IN,13931,39.6411589,-85.1410748
Crowley ,LA,13922,30.2140928,-92.3745761
Dumas ,TX,13916,35.8653789,-101.9732236
Carthage ,MO,13916,37.176447,-94.31022279999999
Sartell ,MN,13915,45.6216318,-94.2069365
West Columbia ,SC,13914,33.9934867,-81.0739825
Katy ,TX,13913,29.7857853,-95.8243956
Hutchinson ,MN,13913,44.89254830000001,-94.3692926
Callaway ,FL,13899,30.1453538,-85.5743227
Pierre ,SD,13899,44.3683156,-100.3509665
Antioch,IL,13892,42.4772418,-88.0956396
Hartselle ,AL,13888,34.4434282,-86.9352842
Glens Falls ,NY,13877,43.3095164,-73.6440058
Otsego ,MN,13874,45.2741314,-93.5913501
Forest Hill ,TX,13858,32.6720777,-97.26918119999999
Maumee ,OH,13856,41.5628294,-83.65382439999999
Wood Dale ,IL,13855,41.9633625,-87.9789562
Altoona ,IA,13854,41.6435514,-93.47508359999999
Hartford ,WI,13853,43.3177794,-88.3789862
Lyndhurst ,OH,13848,41.5200523,-81.4887315
Las Vegas ,NM,13818,35.5942137,-105.2227978
Collingswood,NJ,13817,39.9181686,-75.07128399999999
Morris ,IL,13812,41.357254,-88.4211785
Foley ,AL,13807,30.4065868,-87.6835974
Yankton ,SD,13798,42.87110879999999,-97.39728129999999
Streator ,IL,13780,41.12086679999999,-88.835352
Cusseta,GA,13754,32.3061354,-84.77704849999999
Tavares ,FL,13746,28.8041579,-81.725632
Jackson ,MO,13744,37.3822732,-89.6662063
Willowick ,OH,13727,41.6331034,-81.46872739999999
Republic ,MO,13715,37.1200526,-93.4801942
North Adams ,MA,13711,42.70091499999999,-73.1087148
Morrisville,NC,13699,35.823483,-78.8255621
Brainerd ,MN,13691,46.3526733,-94.2020084
New Haven ,IN,13685,41.0706042,-85.0144124
McComb ,MS,13684,31.2437872,-90.4531535
Circleville ,OH,13681,39.600618,-82.9460133
New Kensington ,PA,13667,40.5697892,-79.7647705
Gardendale ,AL,13665,33.6601033,-86.8127702
South Daytona ,FL,13662,29.1658158,-81.0044995
Lockhart ,TX,13661,29.8849441,-97.6699996
Kingsland ,GA,13659,30.7999563,-81.68982609999999
Midlothian,IL,13657,41.6253116,-87.7175491
Zionsville,IN,13655,39.9508733,-86.261937
Carpinteria ,CA,13655,34.39888380000001,-119.5184564
Washington Court House ,OH,13654,39.5364511,-83.4390843
Imperial ,CA,13648,32.8475528,-115.5694391
Ammon ,ID,13646,43.4696366,-111.9666355
Middlesex,NJ,13644,40.572603,-74.4926541
Fergus Falls ,MN,13636,46.2835212,-96.0777887
Warsaw ,IN,13627,41.2381,-85.8530469
Warrensville Heights ,OH,13618,41.4323067,-81.5102655
Lake Stevens ,WA,13599,48.01509799999999,-122.0637425
Hutto ,TX,13599,30.54269949999999,-97.5466702
Palos Verdes Estates ,CA,13585,33.8005714,-118.3900737
Whitefish Bay,WI,13584,43.1133444,-87.9000856
Centralia ,IL,13569,38.5285169,-89.1316944
Hewitt ,TX,13561,31.46239019999999,-97.1958377
Conyers ,GA,13545,33.6676103,-84.01769039999999
Bemidji ,MN,13541,47.4875361,-94.8858492
Fairview,NJ,13540,40.8126006,-73.999028
Robbinsdale ,MN,13518,45.032187,-93.3385614
Washougal ,WA,13509,45.5826188,-122.3534247
Longwood ,FL,13493,28.7030519,-81.3384011
Richmond ,TX,13493,29.5821811,-95.76078319999999
Bedford ,IN,13486,38.8611619,-86.4872149
Weston,WI,13447,44.89080209999999,-89.5476204
North Salt Lake ,UT,13446,40.8485564,-111.9068824
Commerce ,CA,13435,34.0005691,-118.1597929
Wixom ,MI,13425,42.5247555,-83.5363268
Hammonton,NJ,13424,39.6365056,-74.8023853
St. Marys ,PA,13409,41.42737380000001,-78.5609398
Oldsmar ,FL,13401,28.0341847,-82.6650992
Livingston ,CA,13400,37.3868826,-120.7235329
Moody ,AL,13400,33.5909365,-86.49081679999999
Whitehall,PA,13400,40.6572331,-75.4985521
McPherson ,KS,13396,38.3708415,-97.66420869999999
Princeton,NJ,13391,40.3572976,-74.6672226
Monroe ,GA,13381,33.7948364,-83.713229
Sharonville ,OH,13377,39.2681136,-84.4132746
Newton ,NC,13372,35.6698552,-81.22147079999999
Chicago Ridge,IL,13366,41.7014217,-87.77921959999999
Baker ,LA,13360,30.5882429,-91.16816299999999
Kuna ,ID,13354,43.4918307,-116.4201223
Hickory Hills ,IL,13326,41.7255879,-87.82505499999999
Hurricane ,UT,13321,37.1752607,-113.2899484
Worthington ,OH,13314,40.0931191,-83.017962
Oakland,NJ,13312,41.0131529,-74.26431430000001
Brookhaven ,MS,13296,31.5790588,-90.4406506
Forrest City ,AR,13281,35.0081474,-90.7898342
Parlier ,CA,13273,36.6116174,-119.5270734
McMinnville ,TN,13270,35.6865889,-85.7801453
Mill Valley ,CA,13268,37.9060368,-122.5449763
Hope Mills,NC,13262,34.9704419,-78.9453056
Lake Station ,IN,13246,41.5750369,-87.23892459999999
Meadville ,PA,13233,41.6414438,-80.15144839999999
Shorewood,WI,13226,43.0891787,-87.8875848
Orangeburg ,SC,13224,33.4918203,-80.8556476
Auburn ,CA,13219,38.8965654,-121.0768901
Geneva ,NY,13216,42.8679836,-76.985557
Oneonta ,NY,13208,42.4528571,-75.0637746
Harrison ,AR,13200,36.2297936,-93.1076765
Gaffney ,SC,13200,35.0717945,-81.64981949999999
Holly Hill ,FL,13199,29.2435916,-81.0375555
Zephyrhills ,FL,13152,28.2336196,-82.18119469999999
Atlantic Beach ,FL,13147,30.3344077,-81.398696
Live Oak ,TX,13142,29.5652286,-98.33640249999999
Hugo ,MN,13139,45.159964,-92.99334119999999
Grover Beach ,CA,13131,35.1216424,-120.6212821
Beach Park,IL,13119,42.4222435,-87.85729549999999
Clermont ,FL,13100,28.5494447,-81.77285429999999
Metuchen,NJ,13098,40.5431598,-74.3632049
Havre de Grace ,MD,13085,39.5492792,-76.09161700000001
Ephrata,PA,13074,40.1798165,-76.17883909999999
Sweetwater ,FL,13072,25.7634334,-80.3731086
New Ulm ,MN,13048,44.3144394,-94.45930179999999
Horizon City ,TX,13043,31.69261209999999,-106.2074793
Warrenville ,IL,13033,41.81780699999999,-88.17340209999999
Muscle Shoals ,AL,13032,34.7448112,-87.66752919999999
Miami ,OK,13027,36.8745146,-94.8774554
Auburn ,IN,13026,41.3669942,-85.0588575
Clemson ,SC,13012,34.6834382,-82.8373654
Malibu ,CA,13009,34.0259216,-118.7797571
Fostoria ,OH,13000,41.156998,-83.41687019999999
St. John,IN,12999,41.4500356,-87.4700381
Glendale ,WI,12992,43.135288,-87.9356423
Perry ,GA,12990,32.4582065,-83.7315723
Greenville ,OH,12983,40.1028264,-84.63301150000001
Wickliffe ,OH,12983,41.6053266,-81.4534492
Claremont ,NH,12968,43.3728635,-72.33787439999999
Stoughton ,WI,12966,42.91694620000001,-89.21789369999999
Bedford ,OH,12965,41.3931096,-81.5365094
Smithfield,NC,12965,35.5084935,-78.3394455
Minden ,LA,12962,32.6154278,-93.2868354
Saraland ,AL,12946,30.820742,-88.07055559999999
Kingston,PA,12943,41.2617481,-75.8968635
Fernley ,NV,12942,39.6079683,-119.2518349
Franklin ,OH,12941,39.5589474,-84.30410739999999
Chippewa Falls ,WI,12929,44.9369054,-91.39293479999999
Swansea,IL,12927,38.5339392,-89.9889936
Clayton ,OH,12906,39.8631101,-84.3605022
West Monroe ,LA,12899,32.5184775,-92.14763529999999
Lewisville,NC,12878,36.0970819,-80.4192216
Hayden ,ID,12873,47.76601609999999,-116.7865815
Mount Dora ,FL,12869,28.8024918,-81.644519
Brecksville ,OH,12851,41.31977630000001,-81.62679039999999
Ottawa ,KS,12850,38.615768,-95.2686366
Sylacauga ,AL,12843,33.1731716,-86.2516406
Richton Park,IL,12842,41.484479,-87.7033787
Pell City ,AL,12841,33.5862149,-86.2860888
Villa Rica ,GA,12838,33.732052,-84.9191081
Solana Beach ,CA,12825,32.991155,-117.2711481
Powell ,OH,12814,40.1578402,-83.07518689999999
San Marino ,CA,12808,34.121397,-118.1064585
Lebanon ,NH,12806,43.6422934,-72.2517569
Roselle Park,NJ,12802,40.6645469,-74.2643133
Sterling ,CO,12800,40.6255415,-103.207709
Blue Ash ,OH,12783,39.2320029,-84.3782734
Bloomsburg,PA,12772,41.003698,-76.4549457
Beatrice ,NE,12769,40.2659269,-96.7466913
St. Ann ,MO,12766,38.7309378,-90.3889622
West Carrollton City ,OH,12761,39.6722812,-84.2521632
Babylon,NY,12760,40.6956552,-73.3256753
Eloy ,AZ,12750,32.7558962,-111.554844
Kerman ,CA,12737,36.72355719999999,-120.059879
Madison ,IN,12716,38.7358933,-85.37995769999999
Fulton ,MO,12707,38.84670819999999,-91.94795859999999
Chesterton,IN,12705,41.6105937,-87.06419919999999
Western Springs,IL,12690,41.8097532,-87.9006155
Englewood ,OH,12686,39.8775553,-84.3021672
Pataskala ,OH,12683,39.9956193,-82.6743341
Beeville ,TX,12682,28.4008319,-97.7483312
La Grande ,OR,12682,45.3245771,-118.0877188
Ringwood,NJ,12681,41.1134289,-74.2454254
Borger ,TX,12677,35.6678203,-101.3973876
Southern Pines,NC,12675,35.1740471,-79.3922539
Bellefontaine ,OH,12665,40.3611643,-83.7596557
Brigantine ,NJ,12647,39.4101171,-74.3645906
Marshall ,MN,12647,44.448423,-95.79119159999999
Cayce ,SC,12646,33.96570910000001,-81.0739827
Happy Valley ,OR,12643,45.446787,-122.5303688
Williston ,ND,12641,48.1469683,-103.6179745
Somerville,NJ,12637,40.5742696,-74.60987999999999
Okmulgee ,OK,12634,35.6266957,-95.9515399
Woodhaven ,MI,12634,42.1389839,-83.24179939999999
Wilton Manors ,FL,12616,26.1603626,-80.13893399999999
Boone ,IA,12614,42.0597047,-93.8802273
Glen Carbon,IL,12607,38.7483814,-89.98315799999999
Bogalusa ,LA,12607,30.7910204,-89.8486858
Port Neches ,TX,12604,29.9913244,-93.9585067
Wilmington ,OH,12603,39.4453393,-83.8285375
Speedway,IN,12594,39.792738,-86.250822
Mountain Home ,AR,12592,36.3353949,-92.381346
El Dorado ,KS,12591,37.81724,-96.8622524
Ionia ,MI,12589,42.9872547,-85.07111739999999
Harper Woods ,MI,12584,42.4330924,-82.92408329999999
Destin ,FL,12563,30.3935337,-86.4957833
Miami Springs ,FL,12534,25.8223198,-80.289495
North Mankato ,MN,12530,44.1732996,-94.033845
Canton ,MS,12520,32.6126381,-90.0367512
University Heights ,OH,12519,41.4978306,-81.53734560000001
Soddy-Daisy ,TN,12511,35.2359025,-85.1907904
St. Helens ,OR,12510,45.8590111,-122.8158185
Bexley ,OH,12507,39.9689532,-82.93768039999999
Vadnais Heights ,MN,12506,45.0574658,-93.0738305
Pewaukee ,WI,12494,43.0542058,-88.21690269999999
Freeport ,TX,12494,28.9541368,-95.35966169999999
Effingham ,IL,12489,39.1200418,-88.5433829
Williamsburg ,VA,12481,37.2707022,-76.7074571
Palos Heights ,IL,12469,41.6680885,-87.7964416
Dover ,OH,12466,40.5206198,-81.4740054
New Carrollton ,MD,12460,38.9657249,-76.88024829999999
Justice,IL,12452,41.7444765,-87.8378337
Levelland ,TX,12450,33.5873164,-102.37796
Half Moon Bay ,CA,12449,37.4635519,-122.4285862
Somerset ,KY,12449,37.0920222,-84.6041084
Lake Forest Park ,WA,12438,47.7538939,-122.2775707
Lake City ,FL,12427,30.1896756,-82.6392899
South Charleston ,WV,12427,38.3685523,-81.69988649999999
Mandeville ,LA,12421,30.35825059999999,-90.06563109999999
Endicott,NY,12411,42.098408,-76.04936839999999
La Grange Park,IL,12404,41.8347535,-87.86172599999999
St. Augustine ,FL,12404,29.9012437,-81.31243409999999
Derby ,CT,12393,41.3206523,-73.0889973
Florham Park,NJ,12389,40.787878,-74.3882072
Mountain Home ,ID,12382,43.1329504,-115.6911975
Winnetka,IL,12371,42.10808340000001,-87.735895
Ridgefield Park,NJ,12370,40.8570442,-74.0215285
Crowley ,TX,12368,32.5790251,-97.3625172
Waukee ,IA,12367,41.6119903,-93.8855768
Conneaut ,OH,12355,41.9475551,-80.5542409
Somerton ,AZ,12346,32.5964404,-114.709677
Herrin ,IL,12337,37.80310559999999,-89.02757439999999
Bainbridge ,GA,12337,30.9037995,-84.57546990000002
Pinehurst,NC,12331,35.1954345,-79.4694767
Gulfport ,FL,12327,27.7483613,-82.7034334
Show Low ,AZ,12324,34.2542084,-110.0298327
Athens ,TX,12320,32.2048735,-95.8555207
Hernando ,MS,12318,34.823987,-89.9937018
Niceville ,FL,12313,30.5168639,-86.48217199999999
Kewanee ,IL,12302,41.2455927,-89.9248303
Peru ,IN,12301,40.7536528,-86.0688811
Woodward ,OK,12299,36.4336481,-99.3903862
East Wenatchee ,WA,12286,47.41568239999999,-120.2931263
Troy ,MO,12270,38.9794922,-90.9806954
Bucyrus ,OH,12252,40.8083909,-82.97546489999999
Markham ,IL,12248,41.5936453,-87.6947699
Avon,IN,12238,39.7628227,-86.3997167
Taylorville ,IL,12238,39.548935,-89.294533
Long Beach ,MS,12234,30.35047509999999,-89.15281759999999
Grass Valley ,CA,12232,39.2190608,-121.0610606
Wauconda,IL,12219,42.2589122,-88.1392474
Cleveland ,MS,12218,33.7440023,-90.7248187
Marion ,AR,12217,35.2145336,-90.1964835
Portales ,NM,12215,34.1861922,-103.3343978
Escanaba ,MI,12214,45.74524659999999,-87.06458010000001
Grand Terrace ,CA,12204,34.0339031,-117.3136544
Hudson ,WI,12196,44.9746896,-92.7568703
Wanaque,NJ,12195,41.0381525,-74.2940378
Patchogue,NY,12194,40.7659783,-73.01934299999999
Helena-West Helena ,AR,12190,34.5291,-90.58999999999999
Rantoul,IL,12189,40.3083672,-88.1558785
Kelso ,WA,12188,46.146779,-122.9084445
Ventnor City ,NJ,12187,39.3403942,-74.4773735
Robstown ,TX,12179,27.7903032,-97.6688843
Monroe ,OH,12178,39.44033599999999,-84.3621634
Franklin Park,PA,12172,40.5834009,-80.0878352
Clawson ,MI,12157,42.5333682,-83.14631659999999
Middletown,DE,12152,39.449556,-75.7163207
North Palm Beach,FL,12149,26.8171165,-80.0590804
Green River ,WY,12149,41.5285757,-109.4662461
Marshall ,MO,12118,39.1230777,-93.1968704
Abbeville ,LA,12103,29.9746502,-92.13429210000001
McFarland ,CA,12098,35.6780104,-119.2292748
Lower Burrell ,PA,12087,40.5849232,-79.7209802
Dunkirk ,NY,12085,42.4795019,-79.3339324
Gladstone ,OR,12079,45.3806761,-122.5948139
Elizabethtown,PA,12069,40.1528719,-76.6027455
West Plains ,MO,12045,36.7281154,-91.8523711
Sauk Rapids ,MN,12013,45.5919097,-94.16610109999999
Kilgore ,TX,12010,32.3862619,-94.87577089999999
Hendersonville ,NC,12005,35.3187279,-82.4609528
Mounds View ,MN,12005,45.1049656,-93.2085582
Excelsior Springs ,MO,12002,39.3391712,-94.22605589999999
Seagoville ,TX,11998,32.6395776,-96.53832279999999
East Liverpool ,OH,11996,40.6186756,-80.5772928
San Anselmo,CA,11986,37.9746458,-122.5616448
Hidalgo ,TX,11984,26.1003547,-98.2630684
Mount Washington ,KY,11980,38.0500627,-85.54578769999999
Somersworth ,NH,11967,43.2617503,-70.8653372
South Sioux City ,NE,11936,42.4648558,-96.4130601
Cocoa Beach ,FL,11920,28.3200067,-80.6075513
West Paterson,NJ,11908,40.8898212,-74.19486739999999
New Providence,NJ,11905,40.6984348,-74.4015405
The Dalles ,OR,11897,45.5945645,-121.1786823
Fort Atkinson ,WI,11895,42.9288944,-88.8370509
East Bethel ,MN,11895,45.3194095,-93.20244869999999
Plano ,IL,11886,41.6628076,-88.5370197
Red Bank,NJ,11866,40.3470543,-74.0643065
Poquoson ,VA,11829,37.1223664,-76.3457773
Chubbuck ,ID,11828,42.9207477,-112.4660912
Riverview ,MI,11817,42.1742073,-83.1793697
Bastrop ,LA,11814,32.7562463,-91.8723497
Lincolnwood,IL,11810,42.0044757,-87.73005940000002
Two Rivers ,WI,11807,44.1538844,-87.5692478
Martinsville ,IN,11800,39.42782529999999,-86.4283279
Picayune ,MS,11787,30.5254692,-89.67950839999999
Evanston ,WY,11781,41.2682794,-110.9632373
Salem ,OH,11781,40.9008923,-80.8567501
Buford ,GA,11780,34.1206564,-84.0043513
Monticello ,MN,11780,45.3055201,-93.7941378
Mooresville,IN,11763,39.6128243,-86.37415999999999
Satellite Beach ,FL,11762,28.1761233,-80.59005189999999
Beaufort ,SC,11755,32.4315813,-80.6698286
Cambridge ,MD,11752,38.5631744,-76.0788292
Lynden ,WA,11737,48.94650439999999,-122.4521073
Tehachapi ,CA,11736,35.1321877,-118.4489739
Loveland ,OH,11734,39.2689476,-84.26382600000001
Federal Heights ,CO,11732,39.8596261,-105.0158511
Amherst ,OH,11724,41.3978217,-82.2223774
Plover,WI,11720,44.4563579,-89.5440069
Brown Deer,WI,11716,43.1633426,-87.9645321
Garden City ,ID,11713,43.6221108,-116.2381744
Marysville ,CA,11700,39.1457253,-121.5913547
Larkspur ,CA,11693,37.9340915,-122.5352539
Irmo,SC,11684,34.0859829,-81.1831513
Uniontown ,PA,11682,39.900076,-79.71643259999999
Fenton ,MI,11678,42.7978061,-83.7049498
Los Alamitos ,CA,11656,33.8032009,-118.0718894
Henderson ,TX,11631,32.1532156,-94.7993802
King City ,CA,11627,36.2127439,-121.1260287
Coatesville ,PA,11624,39.9831616,-75.8238355
Muskegon Heights ,MI,11623,43.2011264,-86.23894639999999
Franklin Lakes,NJ,11619,41.0167639,-74.2057011
Seven Hills ,OH,11616,41.3953304,-81.67623920000001
Grafton,WI,11613,43.3197265,-87.9534226
Fernandina Beach ,FL,11610,30.6696818,-81.46259189999999
Morgan City ,LA,11604,29.6993748,-91.20676999999999
Lilburn ,GA,11599,33.8901036,-84.14297189999999
Sedona ,AZ,11599,34.8697395,-111.7609896
Crossville ,TN,11599,35.9489566,-85.0269014
Mendota Heights ,MN,11594,44.8835768,-93.1382749
Schiller Park,IL,11573,41.95586369999999,-87.8708965
Red Bank ,TN,11573,35.1122945,-85.2941251
North Liberty ,IA,11561,41.739482,-91.60809739999999
Webb City ,MO,11532,37.1464475,-94.4630035
Seabrook ,TX,11525,29.56411839999999,-95.0254839
Alton ,TX,11523,26.2872995,-98.3133594
Cordele ,GA,11518,31.9635074,-83.7823938
Camden ,AR,11512,33.5845581,-92.8343294
Gloucester City ,NJ,11503,39.8917799,-75.1162863
Eunice ,LA,11500,30.4943669,-92.4176324
Winfield ,KS,11497,37.2397486,-96.9955918
Verona ,WI,11486,42.990831,-89.53317729999999
Norton ,OH,11472,41.0292217,-81.63817949999999
Cornelius ,OR,11464,45.5198373,-123.0598286
Northlake ,IL,11462,41.9172526,-87.8956185
Urbana ,OH,11442,40.1083912,-83.7524298
Haddonfield,NJ,11442,39.8915022,-75.03767069999999
Port Lavaca ,TX,11432,28.6149968,-96.6260892
Freehold,NJ,11425,40.2136754,-74.3000878
Yazoo City ,MS,11425,32.8551326,-90.4056468
Douglas ,GA,11413,31.5088073,-82.8498654
Cottonwood ,AZ,11412,34.7391876,-112.0098791
Hasbrouck Heights,NJ,11410,40.85815530000001,-74.0806971
Crestwood ,MO,11408,38.5569974,-90.3817845
Burr Ridge,IL,11398,41.74892029999999,-87.91839189999999
Washington ,IN,11397,38.65921520000001,-87.172789
Cloquet ,MN,11387,46.7217735,-92.46118249999999
Ravenna ,OH,11381,41.1575566,-81.2420473
Yeadon,PA,11367,39.9390017,-75.2554605
Ferndale ,WA,11359,48.8464991,-122.5910056
Tuskegee ,AL,11357,32.430237,-85.7077266
Vidalia ,GA,11355,32.2176855,-82.4134614
Choctaw ,OK,11354,35.4975625,-97.2689212
Coshocton ,OH,11353,40.2720151,-81.8595756
Emmaus,PA,11349,40.5395421,-75.4968502
Azle ,TX,11347,32.8951262,-97.5458565
New Baltimore ,MI,11346,42.6811436,-82.7368616
Somers Point ,NJ,11343,39.3160641,-74.60530469999999
Fortuna ,CA,11329,40.5981867,-124.1572756
Manassas Park ,VA,11319,38.7840035,-77.4697111
Neosho ,MO,11317,36.8689554,-94.36799599999999
Fairfield ,AL,11316,33.4859402,-86.91193659999999
Leeds ,AL,11312,53.8007554,-1.5490774
Elk City ,OK,11311,35.4119944,-99.4042592
Pine Hill,NJ,11308,39.7842813,-74.99211079999999
Ironton ,OH,11307,38.5367471,-82.6829406
Wallington,NJ,11296,40.8531553,-74.11375370000002
Shelbyville ,KY,11294,38.2120144,-85.2235666
West Point ,MS,11292,33.6076186,-88.6503254
Waunakee,WI,11290,43.1919373,-89.45567489999999
Clayton ,CA,11278,37.9410341,-121.9357925
Pontiac ,IL,11258,40.8808666,-88.62978389999999
Niles ,MI,11258,41.8297694,-86.2541768
Roma ,TX,11257,26.4088523,-99.0156554
North St. Paul ,MN,11247,45.0124657,-92.9918828
Festus ,MO,11246,38.2206101,-90.3959543
Baraboo ,WI,11244,43.4710944,-89.74429060000001
Canyon Lake ,CA,11243,33.6850215,-117.2730931
Bardstown ,KY,11242,37.8092279,-85.46690249999999
Lyndon ,KY,11242,38.2567376,-85.60162749999999
Woodinville ,WA,11240,47.7542651,-122.1634582
Alexandria ,MN,11237,45.8848164,-95.3776663
Fulton ,NY,11219,43.3228462,-76.4171585
Chamblee ,GA,11202,33.8920468,-84.29881259999999
Munhall,PA,11199,40.3922914,-79.9000499
Lakeway ,TX,11193,30.3679788,-97.99167899999999
Cambridge ,OH,11192,40.031183,-81.5884561
River Forest,IL,11176,41.8978091,-87.81394829999999
Bellmawr,NJ,11176,39.8676134,-75.0946182
Kings Mountain ,NC,11175,35.2451342,-81.34119419999999
Port Washington ,WI,11174,43.3872247,-87.875644
Shiloh,IL,11173,38.5614383,-89.8973233
Falls Church ,VA,11169,38.88233400000001,-77.1710914
Canandaigua ,NY,11168,42.887535,-77.2816984
Portland ,TN,11154,36.5817089,-86.5163833
Dobbs Ferry,NY,11134,41.0145418,-73.87263500000002
Glen Rock,NJ,11131,40.9628758,-74.1329207
Arkadelphia ,AR,11130,34.1209292,-93.0537839
Scotts Valley ,CA,11128,37.0510595,-122.0146841
Little Chute,WI,11121,44.2799872,-88.3184394
Ogdensburg ,NY,11119,44.6942291,-75.48633640000001
Lighthouse Point ,FL,11118,26.275636,-80.08726539999999
Beachwood ,OH,11108,41.4644979,-81.5087322
Lancaster,NY,11108,42.9006144,-78.6703062
Cedarburg ,WI,11101,43.2966716,-87.9875898
Fredericksburg ,TX,11098,30.2752011,-98.8719843
Bluefield ,WV,11093,37.2698395,-81.2223195
Suffern,NY,11088,41.1148179,-74.1495889
Fox Lake,IL,11087,42.3966874,-88.1836965
Magnolia ,AR,11081,33.2670725,-93.239334
Chino Valley,AZ,11078,34.7575227,-112.4537809
Glenn Heights ,TX,11078,32.5487479,-96.85666669999999
Mexico ,MO,11074,39.1730652,-91.887271
Arkansas City ,KS,11070,37.0619736,-97.0383712
Oskaloosa ,IA,11069,41.2916728,-92.6493595
Parsons ,KS,11065,37.34033840000001,-95.2610838
Kingsburg ,CA,11064,36.5138398,-119.5540175
Port Royal,SC,11064,32.3790843,-80.6926069
Fredonia,NY,11064,42.4400576,-79.3317105
Vidor ,TX,11063,30.1316001,-94.0154541
Crestwood,IL,11051,41.6611444,-87.75255109999999
Guthrie ,OK,11043,35.878937,-97.42531849999999
Plymouth ,IN,11038,41.3436554,-86.3097278
Worthington ,MN,11036,43.6210985,-95.59414360000001
Huron ,SD,11033,44.3633173,-98.21425719999999
Campton Hills,IL,11031,41.9582863,-88.4113034
Tarrytown,NY,11031,41.0762077,-73.85874609999999
Pompton Lakes,NJ,11031,41.0053753,-74.2907041
Haverstraw,NY,11029,41.1975947,-73.96458369999999
Fairburn ,GA,11024,33.5670562,-84.5810418
Bolivar ,MO,11013,37.6144838,-93.4104749
Blackfoot ,ID,11012,43.19047090000001,-112.3449773
Campbellsville ,KY,11010,37.3433974,-85.3419069
Lewisburg ,TN,11003,35.4492404,-86.7888887
Rochester ,MI,11002,42.680588,-83.1338214
St. Albans ,WV,10996,38.3793695,-81.8191658
Artesia ,NM,10994,32.8423345,-104.4032962
Ontario ,OR,10991,44.0265525,-116.9629378
Spencer ,IA,10986,43.1450748,-95.144318
Cedar Lake,IN,10981,41.3647578,-87.4411473
Wood River ,IL,10973,38.861159,-90.0976069
Healdsburg ,CA,10971,38.6104658,-122.8691609
St. Peter ,MN,10971,44.3258932,-93.955691
South Lyon ,MI,10959,42.46059,-83.6516063
Grosse Pointe Park ,MI,10956,42.3758708,-82.93741589999999
Lake Grove,NY,10948,40.8528761,-73.1151102
Burlington ,WI,10930,42.6780726,-88.27620259999999
Vernon ,TX,10924,34.1545306,-99.2650804
Sturgis ,MI,10916,41.799217,-85.41914820000001
Newberry ,SC,10907,34.2745833,-81.6187178
Fort Madison ,IA,10897,40.6297634,-91.31453499999999
Signal Hill ,CA,10882,33.8044614,-118.1678456
Suamico,WI,10881,44.6319369,-88.0392708
Sedro-Woolley ,WA,10871,48.50389,-122.23611
Trenton ,OH,10866,39.4808905,-84.45772219999999
Lincolnton ,NC,10859,35.473745,-81.2545251
West Richland ,WA,10857,46.3043015,-119.3614092
Ridgefield,NJ,10851,40.8342669,-74.00875049999999
Camp Verde,AZ,10849,34.5636358,-111.8543178
Hillsborough,CA,10844,37.5741032,-122.3794163
Beachwood,NJ,10835,39.9390069,-74.1929188
Sierra Madre ,CA,10834,34.1616729,-118.0528456
Wabash ,IN,10815,40.797821,-85.8205411
Benton Harbor ,MI,10814,42.1167065,-86.45418939999999
Merriam ,KS,10814,39.0236165,-94.6935701
Palatka ,FL,10813,29.6485801,-81.6375819
Indianola ,MS,10805,33.4509513,-90.6550917
Marinette ,WI,10800,45.0999849,-87.6306623
Manville,NJ,10800,40.5409367,-74.5876569
Maryville ,MO,10800,40.3461017,-94.8724706
Lawrenceburg ,TN,10778,35.2423023,-87.33473889999999
El Campo ,TX,10773,29.19664049999999,-96.2696867
Clute ,TX,10765,29.0246906,-95.3988291
Vermilion ,OH,10754,41.4219889,-82.36460679999999
Calera ,AL,10742,33.1028965,-86.7535975
Norcross ,GA,10737,33.9412127,-84.2135309
Galion ,OH,10737,40.7336687,-82.78990259999999
Struthers ,OH,10734,41.0525588,-80.6078509
Greensburg ,IN,10730,39.3372722,-85.483581
Oneida ,NY,10723,43.0925684,-75.65129309999999
Sebring ,FL,10714,27.495592,-81.440907
Town and Country ,MO,10710,38.6122751,-90.46345319999999
South Miami ,FL,10707,25.7050697,-80.2907618
Kennett ,MO,10707,36.2361762,-90.0556493
Guymon ,OK,10702,36.6828041,-101.4815493
Westwood,NJ,10699,40.9912087,-74.0326395
Lansing ,KS,10691,39.2486126,-94.90024129999999
Enumclaw ,WA,10684,47.2042681,-121.9915003
Chatham,IL,10676,39.676163,-89.70454389999999
River Edge,NJ,10674,40.92870980000001,-74.0398622
Webster ,TX,10665,29.5377315,-95.1182645
Bonham ,TX,10660,33.5773275,-96.1783111
Sweetwater ,TX,10657,32.4709519,-100.4059384
Orange Cove ,CA,10641,36.624394,-119.3137301
Lansdowne,PA,10638,39.9381682,-75.2718507
Lincoln Park,NJ,10635,40.9242652,-74.3020933
Aliquippa ,PA,10631,40.615537,-80.26218519999999
Mebane ,NC,10624,36.0959715,-79.2669619
Totowa,NJ,10621,40.9050988,-74.20986789999999
Grand Haven ,MI,10608,43.0630734,-86.22838639999999
Oil City ,PA,10598,41.4339484,-79.7064413
Dallas ,GA,10584,33.9244531,-84.8413056
Petal ,MS,10575,31.3465627,-89.2600605
Richmond Hill ,GA,10571,31.9382652,-81.3034433
Lindsay ,CA,10571,36.2030064,-119.08816
Union City ,TN,10569,36.4242303,-89.0570096
Loganville ,GA,10562,33.8389977,-83.90073819999999
Keansburg,NJ,10550,40.4417743,-74.1298643
Superior,CO,10549,39.95276339999999,-105.1685977
Fort Morgan ,CO,10539,40.2502582,-103.7999509
Massena,NY,10539,44.9281049,-74.891865
Anderson ,CA,10538,40.448208,-122.2977815
Vienna ,WV,10536,39.3270191,-81.5484578
Jennings ,LA,10529,30.22242839999999,-92.657085
Guttenberg,NJ,10528,40.7920454,-74.0037505
Reading ,OH,10523,39.2236694,-84.44216410000001
Minooka,IL,10514,41.4553084,-88.2617305
Coldwater ,MI,10514,41.9403263,-85.00052149999999
Vermillion ,SD,10495,42.7794417,-96.9292104
Bedford Heights ,OH,10485,41.4057717,-81.4981174
Piedmont ,CA,10481,37.8243715,-122.231635
Monroe ,WI,10481,42.60111939999999,-89.6384532
Santa Fe ,TX,10479,29.3780129,-95.1057625
Little Ferry,NJ,10477,40.8528777,-74.0420848
Waupun ,WI,10469,43.6333219,-88.72955189999999
East Grand Rapids ,MI,10467,42.941139,-85.61002769999999
Lindon ,UT,10466,40.3432857,-111.7207608
Alpena ,MI,10465,45.0616794,-83.4327528
Jesup ,GA,10459,31.6074365,-81.8853924
Montgomery ,OH,10458,39.2281143,-84.35410619999999
Kendallville ,IN,10452,41.4414384,-85.2649754
Woodbury ,NJ,10450,39.83816909999999,-75.1526774
East Rockaway,NY,10438,40.6420477,-73.6695747
Macedonia ,OH,10435,41.3174524,-81.50477719999999
Worth,IL,10426,41.6897548,-87.79727539999999
Steger,IL,10421,41.4700348,-87.636432
Burkburnett ,TX,10418,34.0978711,-98.5706134
North Branch ,MN,10417,45.5102135,-92.99310539999999
Brooklyn ,OH,10410,41.4301349,-81.7512107
Snyder ,TX,10406,32.7178862,-100.9176184
Atchison ,KS,10402,39.5630521,-95.12163559999999
Wyomissing,PA,10399,40.32953699999999,-75.9652117
Mount Kisco,NY,10393,41.2042616,-73.72707609999999
East Stroudsburg,PA,10390,40.9995386,-75.1812913
Keokuk ,IA,10387,40.4044731,-91.3963966
Cheney ,WA,10385,47.4873895,-117.5757622
Springdale ,OH,10384,39.287002,-84.48522129999999
Hope ,AR,10378,33.6670615,-93.5915665
Barrington,IL,10374,42.1539141,-88.1361888
Bound Brook,NJ,10365,40.56843629999999,-74.53848889999999
Haysville ,KS,10364,37.5644615,-97.3522675
Lumberton ,TX,10354,30.2657655,-94.1996286
Grain Valley ,MO,10352,39.0150069,-94.19855799999999
Andover ,KS,10351,37.7139041,-97.1364294
Mendota ,CA,10339,36.7535611,-120.3815574
Morro Bay ,CA,10333,35.3659445,-120.8499924
Silver City,NM,10329,32.770075,-108.280326
Robinson ,TX,10327,31.4676687,-97.1147225
Brownsville ,TN,10316,35.5939671,-89.26229099999999
Coffeyville ,KS,10312,37.0373005,-95.6163665
Denham Springs ,LA,10308,30.48685639999999,-90.95621249999999
Davidson,NC,10305,35.4993031,-80.8486846
Platteville ,WI,10297,42.73416,-90.4784621
Boerne ,TX,10283,29.79466409999999,-98.7319703
Corning ,NY,10281,42.1428521,-77.05469029999999
Leon Valley ,TX,10269,29.4924424,-98.61057029999999
Doraville ,GA,10268,33.8981579,-84.2832564
Coolidge ,AZ,10261,32.977839,-111.517624
Tarboro,NC,10257,35.8968236,-77.5358049
Big Rapids ,MI,10257,43.6980782,-85.4836557
Wasilla ,AK,10256,61.5813889,-149.4394444
Celina ,OH,10255,40.5489358,-84.5702338
Sauk Village,IL,10254,41.4883685,-87.5675414
Pleasant Grove ,AL,10254,33.4909405,-86.9702714
West Haverstraw,NY,10252,41.2095389,-73.9854177
Lyons,IL,10250,41.8133651,-87.8181128
Gulf Shores ,AL,10248,30.2460361,-87.70081929999999
Cadillac ,MI,10245,44.2519526,-85.40116189999999
Bellefontaine Neighbors ,MO,10241,38.7403281,-90.2265001
Tomball ,TX,10234,30.0971621,-95.6160549
Newman ,CA,10226,37.3138267,-121.0207614
Summit,IL,10223,41.7880876,-87.810334
Fairmont ,MN,10221,43.65217750000001,-94.46108319999999
Berwick,PA,10216,41.0545292,-76.23326759999999
Sleepy Hollow,NY,10212,41.085652,-73.85846839999999
Van Wert ,OH,10211,40.8694927,-84.58412229999999
Martin ,TN,10208,36.3433965,-88.8503379
Pella ,IA,10208,41.4080327,-92.91640500000001
Galena Park ,TX,10207,29.7335616,-95.23021229999999
Nanticoke ,PA,10199,41.2053599,-76.00492299999999
Shasta Lake ,CA,10192,40.6804279,-122.3708419
Mayfield ,KY,10186,36.7417235,-88.6367154
Weatherford ,OK,10185,35.5261633,-98.7075744
Richmond Heights ,OH,10174,41.5528288,-81.5101208
Millington ,TN,10165,35.3414744,-89.8973084
Cape Canaveral ,FL,10147,28.3922182,-80.60771319999999
Greencastle ,IN,10145,39.6444898,-86.8647316
Andrews ,TX,10142,32.31871580000001,-102.5457155
Lexington ,NE,10126,40.7808398,-99.74150449999999
Cedartown ,GA,10123,34.0112715,-85.25658229999999
Washington ,NC,10112,35.54655169999999,-77.0521742
Westwego ,LA,10098,29.9060388,-90.14229619999999
Prineville ,OR,10085,44.2998485,-120.8344664
Mount Holly ,NC,10081,35.2981943,-81.01590809999999
Jacksonville ,AL,10077,33.8137125,-85.76135359999999
East Rutherford,NJ,10074,40.833989,-74.0970865
Lantana,FL,10071,26.5867358,-80.05198589999999
Girard ,OH,10069,41.1539465,-80.7014662
Farmersville ,CA,10056,36.2977283,-119.2067767
Sussex,WI,10048,43.1338972,-88.2220372
White House ,TN,10048,36.4703232,-86.65138449999999
Columbia,PA,10033,40.0337085,-76.50440979999999
Riverton ,WY,10032,43.0249592,-108.3801036
Fort Mill,SC,10032,35.0073697,-80.94507589999999
Dunn ,NC,10029,35.3062743,-78.6089028
Manchester ,TN,10012,35.4817431,-86.0885993
Spearfish ,SD,10010,44.4908172,-103.8593698
DeRidder ,LA,10008,30.8463055,-93.2890527
Placerville ,CA,9994,38.7296252,-120.798546
River Grove,IL,9992,41.9258642,-87.83589429999999
Carroll ,IA,9985,42.0655986,-94.86727929999999
Winfield,IL,9984,41.8616956,-88.1609031
Lancaster ,SC,9981,34.7204257,-80.7709014
Lawrenceburg ,KY,9978,38.0372967,-84.8966171
Lovington ,NM,9975,32.9440077,-103.3485543
Paris ,TN,9966,36.3020023,-88.32671069999999
Exeter ,CA,9963,36.2960613,-119.1420517
Valley ,AL,9962,32.8187406,-85.1793852
Waynesboro,PA,9947,39.755927,-77.57776919999999
Newport ,OR,9943,44.6367836,-124.0534505
Marysville ,MI,9943,42.9125305,-82.4868599
Florida City ,FL,9935,25.4478898,-80.47922369999999
Waconia ,MN,9934,44.8504317,-93.7876429
Bethalto,IL,9933,38.9092138,-90.0406608
Middlesborough ,KY,9929,36.6072567,-83.7142848
St. Pete Beach ,FL,9927,27.7205407,-82.74300149999999
Forest Acres ,SC,9925,34.019322,-80.98981280000001
Jacinto City ,TX,9923,29.7674495,-95.2338233
Great Neck,NY,9923,40.8006567,-73.7284647
Amityville,NY,9920,40.6789893,-73.4170673
Portage ,WI,9919,43.5391486,-89.46262019999999
Glenpool ,OK,9914,35.9553737,-96.00888429999999
Elgin ,TX,9909,30.3496528,-97.3702735
Darby,PA,9903,39.9184461,-75.2590721
Sonoma ,CA,9893,38.291859,-122.4580356
Newcastle ,WA,9885,47.5389889,-122.1556769
Alpine ,UT,9885,40.4532833,-111.7779865
Weddington,NC,9882,35.0223708,-80.7609035
Waynesville,NC,9877,35.4887145,-82.98874769999999
Winslow ,AZ,9867,35.0241873,-110.6973571
Beverly Hills,MI,9865,42.516131,-83.2625577
Jeannette ,PA,9859,40.3281246,-79.6153198
Ecorse ,MI,9858,42.2444833,-83.1457569
Harvard ,IL,9855,42.422241,-88.61371009999999
Astoria ,OR,9851,46.1878841,-123.8312534
Hillsdale,NJ,9848,41.0025975,-74.0404175
Rochelle ,IL,9847,41.9239178,-89.0687073
Northampton,PA,9841,40.6862075,-75.4968501
Potsdam,NY,9841,44.6697805,-74.9813084
Troy ,IL,9840,38.7292147,-89.8831541
Farmington ,MI,9839,42.4644795,-83.37632180000001
Heber ,UT,9830,40.5070087,-111.4133234
Bel Air,MD,9826,39.5359406,-76.34829309999999
Safford ,AZ,9823,32.8339546,-109.70758
Sunbury ,PA,9819,40.862585,-76.79441039999999
Waterloo ,IL,9813,38.3358857,-90.14983409999999
Melvindale ,MI,9812,42.2825383,-83.175203
Peru ,IL,9810,41.3275349,-89.1289728
Rockport ,TX,9810,28.0205733,-97.0544341
Cairo ,GA,9809,30.8774132,-84.2012897
Jackson,WY,9806,43.4799291,-110.7624282
Fairview ,OR,9805,45.5384529,-122.4339803
Orange City ,FL,9799,28.9488761,-81.2986741
Big Lake ,MN,9795,45.3331421,-93.7335062
The Village ,OK,9769,35.5608899,-97.55142939999999
Watervliet ,NY,9765,42.7300783,-73.7012299
Mission ,KS,9765,39.0277832,-94.6557914
Harrisonville ,MO,9749,38.6533445,-94.3488372
Highland ,IL,9748,38.7394918,-89.6712008
Key Biscayne,FL,9735,25.693713,-80.1628248
St. Francis ,WI,9733,42.9716437,-87.8758939
Edgewood ,WA,9711,47.25010049999999,-122.293732
Sumner ,WA,9704,47.2031566,-122.2403966
Howell ,MI,9694,42.6072552,-83.9293952
Espanola ,NM,9691,35.9910383,-106.0818233
Union ,MO,9684,38.4500517,-91.00847619999999
Pleasanton ,TX,9681,28.967194,-98.4786269
Irondale ,AL,9677,33.5381601,-86.70721019999999
Merrill ,WI,9670,45.1805223,-89.683459
Fort Oglethorpe ,GA,9663,34.9489645,-85.2569
Jefferson Hills,PA,9660,40.2911809,-79.93199419999999
Silverton ,OR,9649,45.0051213,-122.7831455
Sugar Grove,IL,9645,41.7614181,-88.443686
North Bend ,OR,9636,43.4065012,-124.2242803
Bristol,PA,9635,40.1006661,-74.8518311
Edgewater,NJ,9635,40.8270448,-73.97569399999999
Clinton ,TN,9625,36.1034126,-84.1318632
Capitola ,CA,9612,36.9752283,-121.953293
Arden Hills ,MN,9608,45.0502435,-93.1566112
Monmouth ,OR,9607,44.8484524,-123.2339888
Laurens ,SC,9599,34.4990116,-82.0142597
New Hyde Park,NY,9596,40.7351018,-73.6879082
Morrisville,PA,9594,40.2114977,-74.7879399
Steamboat Springs ,CO,9592,40.4849769,-106.8317158
Storm Lake ,IA,9591,42.6430359,-95.2019399
London ,OH,9587,39.8864493,-83.4482529
Emeryville ,CA,9583,37.831316,-122.2852473
Harrisburg ,IL,9582,37.7383812,-88.540607
Kinnelon,NJ,9582,41.0017644,-74.367096
Bellmead ,TX,9579,31.5940545,-97.1088903
Havre ,MT,9575,48.549999,-109.6840887
Decatur ,IN,9574,40.830603,-84.9291329
Little Canada ,MN,9570,45.02691009999999,-93.0877196
Perry ,IA,9569,41.8385964,-94.10717969999999
Rye Brook,NY,9568,41.0192641,-73.68346210000001
