City,State,Population,Latitude,LongitudeNew York ,NY,8363710,40.7128,-74.0059
Los Angeles ,CA,3833995,34.0522342,-118.2436849
Chicago ,IL,2853114,41.8781136,-87.6297982
Houston ,TX,2242193,29.7604267,-95.3698028
Phoenix ,AZ,1567924,33.4483771,-112.0740373
Philadelphia ,PA,1447395,39.9525839,-75.1652215
San Antonio ,TX,1351305,29.4241219,-98.49362819999999
Dallas ,TX,1279910,32.7766642,-96.79698789999999
San Diego ,CA,1279329,32.715738,-117.1610838
San Jose ,CA,948279,37.3382082,-121.8863286
Detroit ,MI,912062,42.331427,-83.0457538
San Francisco ,CA,808976,37.7749295,-122.4194155
Jacksonville ,FL,807815,30.3321838,-81.65565099999999
Indianapolis,IN,798382,39.768403,-86.158068
Austin ,TX,757688,30.267153,-97.7430608
Columbus ,OH,754885,39.9611755,-82.99879419999999
Fort Worth ,TX,703073,32.7554883,-97.3307658
Charlotte ,NC,687456,35.2270869,-80.8431267
Memphis ,TN,669651,35.1495343,-90.0489801
Baltimore ,MD,636919,39.2903848,-76.6121893
El Paso ,TX,613190,31.7618778,-106.4850217
Boston ,MA,609023,42.3600825,-71.0588801
Milwaukee ,WI,604477,43.0389025,-87.9064736
Denver ,CO,598707,39.7392358,-104.990251
Seattle ,WA,598541,47.6062095,-122.3320708
Nashville,TN,596462,36.1626638,-86.7816016
Washington ,DC,591833,38.9071923,-77.0368707
Las Vegas ,NV,558383,36.1699412,-115.1398296
Portland ,OR,557706,45.5230622,-122.6764816
Louisville,KY,557224,38.2526647,-85.7584557
Oklahoma City ,OK,551789,35.4675602,-97.5164276
Tucson ,AZ,541811,32.2217429,-110.926479
Atlanta ,GA,537958,33.7489954,-84.3879824
Albuquerque ,NM,521999,35.0853336,-106.6055534
Fresno ,CA,476050,36.7468422,-119.7725868
Sacramento ,CA,463794,38.5815719,-121.4943996
Long Beach ,CA,463789,33.7700504,-118.1937395
Mesa ,AZ,463552,33.4151843,-111.8314724
Kansas City ,MO,451572,39.0997265,-94.5785667
Omaha ,NE,438646,41.2523634,-95.99798829999999
Cleveland ,OH,433748,41.49932,-81.6943605
Virginia Beach ,VA,433746,36.8529263,-75.97798499999999
Miami ,FL,413201,25.7616798,-80.1917902
Oakland ,CA,404155,37.8043637,-122.2711137
Raleigh ,NC,392552,35.7795897,-78.6381787
Tulsa ,OK,385635,36.1539816,-95.99277500000001
Minneapolis ,MN,382605,44.977753,-93.2650108
Colorado Springs ,CO,380307,38.8338816,-104.8213634
Honolulu,HI,374676,21.3069444,-157.8583333
Arlington ,TX,374417,32.735687,-97.10806559999999
Wichita ,KS,366046,37.68717609999999,-97.33005299999999
St. Louis ,MO,354361,38.6270025,-90.19940419999999
Tampa ,FL,340882,27.950575,-82.4571776
Santa Ana ,CA,339130,33.7454725,-117.867653
Anaheim ,CA,335288,33.8365932,-117.9143012
Cincinnati ,OH,333336,39.1031182,-84.5120196
Bakersfield ,CA,321078,35.3732921,-119.0187125
Aurora ,CO,319057,39.7294319,-104.8319195
New Orleans ,LA,311853,29.95106579999999,-90.0715323
Pittsburgh ,PA,310037,40.44062479999999,-79.9958864
Riverside ,CA,295357,33.9533487,-117.3961564
Toledo ,OH,293201,41.6639383,-83.55521200000001
Stockton ,CA,287037,37.9577016,-121.2907796
Corpus Christi ,TX,286462,27.8005828,-97.39638099999999
Lexington,KY,282114,38.0405837,-84.5037164
St. Paul ,MN,279590,44.9537029,-93.0899578
Anchorage,AK,279243,61.2180556,-149.9002778
Newark ,NJ,278980,40.735657,-74.1723667
Buffalo ,NY,270919,42.88644679999999,-78.8783689
Plano ,TX,267480,33.0198431,-96.6988856
Henderson ,NV,252064,36.0395247,-114.9817213
Lincoln ,NE,251624,40.8257625,-96.6851982
Fort Wayne ,IN,251591,41.079273,-85.1393513
Glendale ,AZ,251522,33.5386523,-112.1859866
Greensboro ,NC,250642,36.0726354,-79.7919754
Chandler ,AZ,247140,33.3061605,-111.8412502
St. Petersburg ,FL,245314,27.7518284,-82.6267345
Jersey City ,NJ,241114,40.72815749999999,-74.0776417
Scottsdale ,AZ,235371,33.4941704,-111.9260519
Norfolk ,VA,234220,36.8507689,-76.28587259999999
Madison ,WI,231916,43.0730517,-89.4012302
Orlando ,FL,230519,28.5383355,-81.3792365
Birmingham ,AL,228798,33.5206608,-86.80248999999999
Baton Rouge ,LA,223689,30.4582829,-91.1403196
Durham ,NC,223284,35.9940329,-78.898619
Laredo ,TX,221659,27.5305671,-99.48032409999999
Lubbock ,TX,220483,33.5778631,-101.8551665
Chesapeake ,VA,220111,36.7682088,-76.2874927
Chula Vista ,CA,219318,32.6400541,-117.0841955
Garland ,TX,218577,32.912624,-96.63888329999999
Winston-Salem ,NC,217600,36.09985959999999,-80.244216
North Las Vegas ,NV,217253,36.1988592,-115.1175013
Reno ,NV,217016,39.5296329,-119.8138027
Gilbert,AZ,216449,33.3528264,-111.789027
Hialeah ,FL,210542,25.8575963,-80.2781057
Arlington,VA,209969,38.8799697,-77.1067698
Akron ,OH,207510,41.0814447,-81.51900529999999
Irvine ,CA,207500,33.6845673,-117.8265049
Rochester ,NY,206886,43.16103,-77.6109219
Boise City ,ID,205314,43.6187102,-116.2146068
Modesto ,CA,202967,37.63909719999999,-120.9968782
Fremont ,CA,202867,37.5482697,-121.9885719
Montgomery ,AL,202696,32.3668052,-86.2999689
Spokane ,WA,202319,47.6587802,-117.4260466
Richmond ,VA,202002,37.5407246,-77.4360481
Yonkers ,NY,201588,40.9312099,-73.89874689999999
Irving ,TX,201358,32.8140177,-96.9488945
Shreveport ,LA,199729,32.5251516,-93.7501789
San Bernardino ,CA,198580,34.1083449,-117.2897652
Tacoma ,WA,197181,47.2528768,-122.4442906
Glendale ,CA,197176,34.1425078,-118.255075
Des Moines ,IA,197052,41.6005448,-93.6091064
Augusta,GA,194149,33.4734978,-82.0105148
Grand Rapids ,MI,193396,42.9633599,-85.6680863
Huntington Beach ,CA,192620,33.6594835,-117.9988026
Mobile ,AL,191022,30.6953657,-88.0398912
Moreno Valley ,CA,190871,33.9424658,-117.2296717
Little Rock ,AR,189515,34.7464809,-92.28959479999999
Amarillo ,TX,187236,35.2219971,-101.8312969
Columbus ,GA,186984,32.4609764,-84.9877094
Oxnard ,CA,185717,34.1975048,-119.1770516
Fontana ,CA,184984,34.0922335,-117.435048
Knoxville ,TN,184802,35.9606384,-83.9207392
Fort Lauderdale ,FL,183126,26.1224386,-80.13731740000001
Salt Lake City ,UT,181698,40.7607793,-111.8910474
Newport News ,VA,179614,37.0870821,-76.4730122
Huntsville ,AL,176645,34.7303688,-86.5861037
Tempe ,AZ,175523,33.4255104,-111.9400054
Brownsville ,TX,175494,25.9017472,-97.4974838
Worcester ,MA,175011,42.2625932,-71.8022934
Fayetteville ,NC,174091,35.0526641,-78.87835849999999
Jackson ,MS,173861,32.2987573,-90.1848103
Tallahassee ,FL,171922,30.4382559,-84.28073289999999
Aurora ,IL,171782,41.7605849,-88.32007150000001
Ontario ,CA,171691,34.0633443,-117.6508876
Providence ,RI,171557,41.8239891,-71.4128343
Overland Park ,KS,171231,38.9822282,-94.6707917
Rancho Cucamonga ,CA,171176,34.10639889999999,-117.5931084
Chattanooga ,TN,170880,35.0456297,-85.3096801
Oceanside ,CA,169684,33.1958696,-117.3794834
Santa Clarita ,CA,169500,34.3916641,-118.542586
Garden Grove ,CA,165796,33.7742692,-117.9379952
Vancouver ,WA,163186,45.6318397,-122.6716063
Grand Prairie ,TX,160641,32.7459645,-96.99778459999999
Peoria ,AZ,157960,33.5805955,-112.2373779
Rockford ,IL,157272,42.2711311,-89.0939952
Cape Coral ,FL,156835,26.5628537,-81.9495331
Springfield ,MO,156206,37.2089572,-93.29229889999999
Santa Rosa ,CA,155796,38.440429,-122.7140548
Sioux Falls ,SD,154997,43.5445959,-96.73110340000001
Port St. Lucie ,FL,154353,27.2730492,-80.3582261
Dayton ,OH,154200,39.7589478,-84.1916069
Salem ,OR,153435,44.9428975,-123.0350963
Pomona ,CA,152699,34.055103,-117.7499909
Springfield ,MA,150640,42.1014831,-72.589811
Eugene ,OR,150104,44.0520691,-123.0867536
Corona ,CA,149923,33.8752935,-117.5664384
Pasadena ,TX,146439,29.6910625,-95.2091006
Joliet ,IL,146125,41.525031,-88.0817251
Pembroke Pines ,FL,145661,26.007765,-80.2962555
Paterson ,NJ,145643,40.9167654,-74.17181099999999
Hampton ,VA,145494,37.0298687,-76.34522179999999
Lancaster ,CA,145469,34.6867846,-118.1541632
Alexandria ,VA,143885,38.8048355,-77.0469214
Salinas ,CA,143640,36.6777372,-121.6555013
Palmdale ,CA,143197,34.5794343,-118.1164613
Naperville ,IL,143117,41.7508391,-88.1535352
Pasadena ,CA,143080,34.1477849,-118.1445155
Kansas City ,KS,142562,39.114053,-94.6274636
Hayward ,CA,142061,37.6688205,-122.0807964
Hollywood ,FL,141740,26.0112014,-80.1494901
Lakewood ,CO,140989,39.7047095,-105.0813734
Torrance ,CA,140820,33.8358492,-118.3406288
Syracuse ,NY,138068,43.0481221,-76.14742439999999
Escondido ,CA,137103,33.1192068,-117.086421
Fort Collins ,CO,136509,40.5852602,-105.084423
Bridgeport ,CT,136405,41.1865478,-73.19517669999999
Orange ,CA,136392,33.7879139,-117.8531007
Warren ,MI,133939,42.5144566,-83.01465259999999
Elk Grove ,CA,133003,38.4087993,-121.3716178
Savannah ,GA,132410,32.0835407,-81.09983419999999
Mesquite ,TX,132123,32.76679550000001,-96.5991593
Sunnyvale ,CA,132109,37.36883,-122.0363496
Fullerton ,CA,131868,33.8703645,-117.9242123
McAllen ,TX,129776,26.2034071,-98.23001239999999
Cary,NC,129545,35.79154,-78.7811169
Cedar Rapids ,IA,128056,41.9778795,-91.6656232
Sterling Heights ,MI,127160,42.5803122,-83.0302033
Columbia ,SC,127029,34.0007104,-81.0348144
Coral Springs ,FL,125783,26.271192,-80.2706044
Carrollton ,TX,125595,32.9756415,-96.8899636
Elizabeth ,NJ,124755,40.6639916,-74.2107006
Hartford ,CT,124062,41.76371109999999,-72.6850932
Waco ,TX,124009,31.549333,-97.1466695
Bellevue ,WA,123771,47.6101497,-122.2015159
New Haven ,CT,123669,41.308274,-72.9278835
West Valley City ,UT,123447,40.6916132,-112.0010501
Topeka ,KS,123446,39.0558235,-95.68901849999999
Thousand Oaks ,CA,123091,34.1705609,-118.8375937
El Monte ,CA,121791,34.0686206,-118.0275667
McKinney ,TX,121211,33.1972465,-96.6397822
Concord ,CA,121160,37.9779776,-122.0310733
Visalia ,CA,121040,36.3302284,-119.2920585
Simi Valley ,CA,120543,34.2694474,-118.781482
Olathe ,KS,119993,38.8813958,-94.81912849999999
Clarksville ,TN,119735,36.5297706,-87.3594528
Denton ,TX,119454,33.2148412,-97.13306829999999
Stamford ,CT,119303,41.0534302,-73.5387341
Provo ,UT,118581,40.2338438,-111.6585337
Springfield ,IL,117352,39.78172130000001,-89.6501481
Killeen ,TX,116934,31.1171194,-97.72779589999999
Abilene ,TX,116484,32.4487364,-99.73314390000002
Evansville ,IN,116309,37.9715592,-87.5710898
Gainesville ,FL,114916,29.6516344,-82.32482619999999
Vallejo ,CA,114729,38.1040864,-122.2566367
Ann Arbor ,MI,114386,42.2808256,-83.7430378
Peoria ,IL,114114,40.6936488,-89.5889864
Lansing ,MI,113968,42.732535,-84.5555347
Lafayette ,LA,113656,30.2240897,-92.0198427
Thornton ,CO,113429,39.8680412,-104.9719243
Athens,GA,113398,33.9519347,-83.357567
Flint ,MI,112900,43.0125274,-83.6874562
Inglewood ,CA,112714,33.9616801,-118.3531311
Roseville ,CA,112660,38.7521235,-121.2880059
Charleston ,SC,111978,32.7764749,-79.93105120000001
Beaumont ,TX,110553,30.080174,-94.1265562
Independence ,MO,110440,39.0911161,-94.41550679999999
Victorville ,CA,110318,34.5362184,-117.2927641
Santa Clara ,CA,110200,37.3541079,-121.9552356
Costa Mesa ,CA,110080,33.6412156,-117.9188221
Miami Gardens ,FL,109346,25.9420377,-80.2456045
Manchester ,NH,108586,42.9956397,-71.4547891
Miramar ,FL,108484,25.9860762,-80.30356019999999
Downey ,CA,107587,33.9401088,-118.1331593
Arvada ,CO,107361,39.8027644,-105.0874842
Allentown ,PA,107250,40.6084305,-75.4901833
Westminster ,CO,107056,39.8366528,-105.0372046
Waterbury ,CT,107037,41.5581525,-73.0514965
Norman ,OK,106957,35.2225668,-97.4394777
Midland ,TX,106561,31.9973456,-102.0779146
Elgin ,IL,106330,42.0354084,-88.2825668
West Covina ,CA,105790,34.0686208,-117.9389526
Clearwater ,FL,105774,27.9658533,-82.8001026
Cambridge ,MA,105596,42.3736158,-71.10973349999999
Pueblo ,CO,104951,38.2544472,-104.6091409
West Jordan ,UT,104447,40.6096698,-111.9391031
Round Rock ,TX,104446,30.5082551,-97.678896
Billings ,MT,103994,45.7832856,-108.5006904
Erie ,PA,103817,42.12922409999999,-80.085059
South Bend ,IN,103807,41.6763545,-86.25198979999999
Ventura,CA,103706,34.274646,-119.2290316
Fairfield ,CA,103683,38.24935809999999,-122.0399663
Lowell ,MA,103615,42.6334247,-71.31617179999999
Norwalk ,CA,102982,33.9022367,-118.081733
Burbank ,CA,102968,34.1808392,-118.3089661
Richmond ,CA,102285,37.9357576,-122.3477486
Pompano Beach ,FL,101943,26.2378597,-80.1247667
High Point ,NC,101835,35.9556923,-80.0053176
Murfreesboro ,TN,101753,35.8456213,-86.39027
Lewisville ,TX,101624,33.046233,-96.994174
Richardson ,TX,101589,32.9483335,-96.7298519
Daly City ,CA,101514,37.6879241,-122.4702079
Berkeley ,CA,101371,37.8715926,-122.272747
Gresham ,OR,101221,45.5001357,-122.4302013
Wichita Falls ,TX,101202,33.9137085,-98.4933873
Green Bay ,WI,101025,44.51915899999999,-88.019826
Davenport ,IA,100827,41.5236437,-90.5776367
Palm Bay ,FL,100786,28.0344621,-80.5886646
Columbia ,MO,100733,38.9517053,-92.3340724
Portsmouth ,VA,100577,36.8354258,-76.2982742
Rochester ,MN,100413,44.0121221,-92.4801989
Antioch ,CA,100219,38.0049214,-121.805789
Wilmington ,NC,100192,34.2257255,-77.9447102
Centennial ,CO,99680,39.5807452,-104.8771726
Odessa ,TX,98801,31.8456816,-102.3676431
West Palm Beach ,FL,98779,26.7153424,-80.0533746
Rialto ,CA,98700,34.1064001,-117.3703235
Everett ,WA,98212,47.9789848,-122.2020794
Murrieta ,CA,97918,33.5539143,-117.2139232
Tyler ,TX,97705,32.3512601,-95.30106239999999
Temecula ,CA,97100,33.4936391,-117.1483648
Kenosha ,WI,96950,42.5847425,-87.82118539999999
Frisco ,TX,96676,33.1506744,-96.82361159999999
Sandy ,UT,96660,40.5649781,-111.8389726
South Gate ,CA,96640,33.954737,-118.2120161
Carlsbad ,CA,96374,33.1580933,-117.3505939
Gary ,IN,95920,41.5933696,-87.3464271
Mission Viejo ,CA,94461,33.5968913,-117.6581562
North Charleston ,SC,94407,32.8546197,-79.9748103
Boulder ,CO,94171,40.0149856,-105.2705456
Compton ,CA,93851,33.8958492,-118.2200712
Hillsboro ,OR,93638,45.5228939,-122.989827
Albany ,NY,93539,42.6525793,-73.7562317
Fargo ,ND,93531,46.8771863,-96.7898034
Lakeland ,FL,93333,28.0394654,-81.9498042
Orem ,UT,93250,40.2968979,-111.6946475
Brockton ,MA,93007,42.0834335,-71.0183787
Roanoke ,VA,92967,37.2709704,-79.9414266
Broken Arrow ,OK,92931,36.060949,-95.7974526
Surprise ,AZ,92897,33.6292337,-112.3679279
Macon ,GA,92775,32.8406946,-83.6324022
El Cajon ,CA,92718,32.7947731,-116.9625269
Carson ,CA,92366,33.8316745,-118.281693
Quincy ,MA,92339,42.2528772,-71.0022705
Clovis ,CA,92318,36.8252277,-119.7029194
San Mateo ,CA,92256,37.5629917,-122.3255254
Vacaville ,CA,92219,38.3565773,-121.9877444
San Angelo ,TX,91880,31.4637723,-100.4370375
Las Cruces ,NM,91865,32.3199396,-106.7636538
Beaverton ,OR,91757,45.48706199999999,-122.8037102
Greeley ,CO,91492,40.4233142,-104.7091322
New Bedford ,MA,91365,41.6362152,-70.93420499999999
Livonia ,MI,91220,42.36837,-83.35270969999999
Vista ,CA,91144,33.2000368,-117.2425355
Fall River ,MA,90931,41.7014912,-71.1550451
Waukegan ,IL,90788,42.3636331,-87.84479379999999
Lawrence ,KS,90520,38.9716689,-95.2352501
Davie,FL,90238,26.0764783,-80.25211569999999
Tuscaloosa ,AL,90221,33.2098407,-87.56917349999999
Redding ,CA,90201,40.5865396,-122.3916754
Lawton ,OK,90091,34.6035669,-98.39592909999999
Yuma ,AZ,90041,32.6926512,-114.6276916
Sunrise ,FL,89026,26.1669711,-80.25659499999999
Westminster ,CA,88975,33.7591757,-117.9897058
Sparks ,NV,88602,39.5349112,-119.7526886
Santa Monica ,CA,87664,34.0194543,-118.4911912
Roswell ,GA,87657,34.0232431,-84.3615555
Lynn ,MA,86957,42.46676300000001,-70.9494938
Nashua ,NH,86576,42.7653662,-71.46756599999999
Dearborn ,MI,86477,42.3222599,-83.17631449999999
Santa Maria ,CA,86356,34.9530337,-120.4357191
Spokane Valley ,WA,86144,47.6732281,-117.2393748
Santa Barbara ,CA,86093,34.4208305,-119.6981901
Alhambra ,CA,85953,34.095287,-118.1270146
Longmont ,CO,85928,40.1672068,-105.1019275
Hesperia ,CA,85883,34.4263886,-117.3008784
Boca Raton ,FL,85670,26.3683064,-80.1289321
Fort Smith ,AR,84716,35.3859242,-94.39854749999999
Miami Beach ,FL,84633,25.790654,-80.1300455
Warwick ,RI,84483,41.7001009,-71.4161671
Indio ,CA,84443,33.7205771,-116.2155619
Citrus Heights ,CA,84432,38.7071247,-121.2810611
Deltona ,FL,84408,28.9005446,-81.26367379999999
Federal Way ,WA,84309,47.3223221,-122.3126222
Hawthorne ,CA,84305,33.9164032,-118.3525748
Duluth ,MN,84284,46.78667189999999,-92.1004852
Lee's Summit ,MO,84208,38.9108408,-94.3821724
College Station ,TX,84128,30.627977,-96.3344068
Yakima ,WA,84074,46.6020711,-120.5058987
Kent ,WA,83978,47.3809335,-122.2348431
Chico ,CA,83791,39.7284944,-121.8374777
Plantation ,FL,83628,26.1275862,-80.23310359999999
Norwalk ,CT,83185,41.11774399999999,-73.4081575
Chino ,CA,83031,34.0122346,-117.688944
Pearland ,TX,82903,29.5635666,-95.2860474
Trenton ,NJ,82883,40.2170534,-74.7429384
Ogden ,UT,82865,41.223,-111.9738304
Sioux City ,IA,82807,42.4999942,-96.40030689999999
Sandy Springs ,GA,82674,33.9304352,-84.3733147
Suffolk ,VA,82302,36.7282054,-76.5835621
Whittier ,CA,82267,33.9791793,-118.032844
Racine ,WI,82196,42.7261309,-87.78285230000002
Newton ,MA,82139,42.3370413,-71.20922139999999
Avondale ,AZ,81299,33.4355977,-112.3496021
Bloomington ,MN,81280,44.840798,-93.2982799
Allen ,TX,81268,33.1031744,-96.67055030000002
Sugar Land ,TX,80704,29.6196787,-95.6349463
Reading ,PA,80506,40.3356483,-75.9268747
Cicero,IL,80414,41.8455877,-87.7539448
Nampa ,ID,80362,43.5407172,-116.5634624
Troy ,MI,80264,42.6064095,-83.1497751
Livermore ,CA,80188,37.6818745,-121.7680088
Cranston ,RI,79980,41.7798226,-71.4372796
Newport Beach ,CA,79661,33.6188829,-117.9298493
Rio Rancho ,NM,79655,35.2327544,-106.6630437
Greenville ,NC,79629,35.612661,-77.3663538
Edmond ,OK,79559,35.6528323,-97.47809540000002
Champaign ,IL,79389,40.1164204,-88.2433829
Camden ,NJ,79383,39.9259463,-75.1196199
Buena Park ,CA,79379,33.8674044,-117.9981387
Danbury ,CT,79256,41.394817,-73.4540111
Tracy ,CA,79196,37.7396513,-121.4252227
San Marcos ,CA,79114,33.1433723,-117.1661449
Westland ,MI,78961,42.32420399999999,-83.400211
Bellingham ,WA,78905,48.7519112,-122.4786854
Farmington Hills ,MI,78522,42.4989936,-83.3677168
Lakewood ,CA,78444,33.8536269,-118.1339563
Canton ,OH,78362,40.79894729999999,-81.378447
Clifton ,NJ,78219,40.8584328,-74.16375529999999
Parma ,OH,77947,41.4047742,-81.7229086
San Leandro ,CA,77880,37.7249296,-122.1560768
Evanston ,IL,77693,42.0450722,-87.68769689999999
Baldwin Park ,CA,77380,34.0852868,-117.9608978
Melbourne ,FL,77351,28.0836269,-80.60810889999999
Longview ,TX,77211,32.5007037,-94.74048909999999
Bend ,OR,77181,44.0581728,-121.3153096
Merced ,CA,77160,37.3021632,-120.4829677
O'Fallon ,MO,76819,38.8106075,-90.69984769999999
Hammond ,IN,76732,41.5833688,-87.5000412
Decatur ,IL,76256,39.8403147,-88.9548001
Jacksonville ,NC,76233,34.7540524,-77.4302414
St. Joseph ,MO,76197,39.7674578,-94.84668099999999
Albany ,GA,75831,31.5785074,-84.15574099999999
Somerville ,MA,75662,42.3875968,-71.0994968
Lake Forest ,CA,75566,33.6469437,-117.6861023
Southfield ,MI,75392,42.4733688,-83.2218731
Missouri City ,TX,74723,29.6185669,-95.5377215
Deerfield Beach ,FL,74584,26.3184123,-80.09976569999999
Napa ,CA,74547,38.2975381,-122.286865
Asheville ,NC,74543,35.5950581,-82.5514869
New Rochelle ,NY,74115,40.9114882,-73.7823549
Redwood City ,CA,74060,37.48521520000001,-122.2363548
Chino Hills ,CA,73879,33.9898188,-117.7325848
Arlington Heights,IL,73399,42.0883603,-87.98062650000001
Fayetteville ,AR,73372,36.082156,-94.17185420000001
Medford ,OR,73212,42.3265152,-122.8755949
Bellflower ,CA,73033,33.8816818,-118.1170117
Bloomington ,IL,73026,40.4842027,-88.99368729999999
Youngstown ,OH,72925,41.0997803,-80.6495194
Largo ,FL,72732,27.9094665,-82.7873244
St. George ,UT,72718,37.0965278,-113.5684164
Lynchburg ,VA,72596,37.4137536,-79.14224639999999
Wilmington ,DE,72592,39.7390721,-75.5397878
Gastonia ,NC,72505,35.262082,-81.18730049999999
Bryan ,TX,72357,30.6743643,-96.3699632
Palm Coast ,FL,72316,29.5844524,-81.20786989999999
Bethlehem ,PA,72241,40.6259316,-75.37045789999999
Scranton ,PA,72233,41.408969,-75.66241219999999
Kalamazoo ,MI,72179,42.2917069,-85.5872286
Union City ,CA,72123,37.5933918,-122.0438298
Upland ,CA,72091,34.09751,-117.6483876
Santa Fe ,NM,71831,35.6869752,-105.937799
Bloomington ,IN,71819,39.165325,-86.52638569999999
Tustin ,CA,71814,33.7420005,-117.8236391
Pawtucket ,RI,71765,41.878711,-71.38255579999999
Schaumburg,IL,71716,42.0333607,-88.0834059
Edinburg ,TX,71520,26.3017374,-98.1633432
Plymouth ,MN,71486,45.0105194,-93.4555093
Mountain View ,CA,71348,37.3860517,-122.0838511
Brooklyn Park ,MN,71308,45.0941315,-93.3563405
League City ,TX,71222,29.5074538,-95.0949303
Lake Charles ,LA,71061,30.2265949,-93.2173758
Hoover ,AL,71020,33.4053867,-86.8113781
Hemet ,CA,70991,33.7475203,-116.9719684
Bolingbrook,IL,70823,41.69864159999999,-88.0683955
Alameda ,CA,70580,37.7652065,-122.2416355
New Britain ,CT,70486,41.6612104,-72.7795419
Wyoming ,MI,70462,42.9133602,-85.7053085
Baytown ,TX,70330,29.7355047,-94.97742740000001
Appleton ,WI,70305,44.2619309,-88.41538469999999
Lorain ,OH,70239,41.452819,-82.1823746
Apple Valley,CA,70200,34.5008311,-117.1858759
Gulfport ,MS,70055,30.3674198,-89.0928155
Lynwood ,CA,70025,33.930293,-118.2114603
Lawrence ,MA,70014,42.7070354,-71.1631137
Redlands ,CA,69689,34.0555693,-117.1825381
Flower Mound,TX,69307,33.0145673,-97.0969552
Rochester Hills ,MI,69014,42.65836609999999,-83.1499322
Fishers,IN,69011,39.9567548,-86.01335
Mount Vernon ,NY,68653,40.9125992,-73.8370786
Turlock ,CA,68404,37.4946568,-120.8465941
Boynton Beach ,FL,68291,26.5317866,-80.0905465
Missoula ,MT,68202,46.87871759999999,-113.996586
Springdale ,AR,68180,36.18674420000001,-94.1288141
Waukesha ,WI,68008,43.0116784,-88.2314813
Iowa City ,IA,67831,41.6611277,-91.5301683
Folsom ,CA,67788,38.6779591,-121.1760583
Marietta ,GA,67562,33.95260200000001,-84.5499327
Milpitas ,CA,67503,37.4323341,-121.8995741
Rock Hill ,SC,67339,34.9248667,-81.02507840000001
Mission ,TX,67119,26.2159066,-98.32529319999999
Palatine,IL,67080,42.1103041,-88.03424000000001
Lauderhill ,FL,67073,26.1403635,-80.2133808
St. Cloud ,MN,66948,45.5579451,-94.16324039999999
Kenner ,LA,66942,29.9940924,-90.2417434
Meridian ,ID,66916,43.6121087,-116.3915131
Passaic ,NJ,66884,40.8567662,-74.1284764
Redondo Beach ,CA,66882,33.8491816,-118.3884078
Pleasanton ,CA,66828,37.6624312,-121.8746789
Carmel ,IN,66769,39.978371,-86.1180435
Waterloo ,IA,66662,42.492786,-92.34257749999999
Skokie,IL,66620,42.0324025,-87.7416246
Dothan ,AL,66505,31.2232313,-85.3904888
Concord ,NC,66311,35.4087517,-80.579511
Pontiac ,MI,66095,42.6389216,-83.29104679999999
Yorba Linda ,CA,65717,33.88850350000001,-117.8132571
Loveland ,CO,65587,40.3977612,-105.0749801
Layton ,UT,65514,41.0602216,-111.9710529
Rapid City ,SD,65491,44.0805434,-103.2310149
Mount Pleasant,SC,65472,32.8323225,-79.82842579999999
Eau Claire ,WI,65426,44.811349,-91.4984941
Fort Myers ,FL,65394,26.640628,-81.8723084
East Orange ,NJ,65390,40.767323,-74.2048677
Pharr ,TX,65258,26.1947962,-98.1836216
North Richland Hills ,TX,65078,32.8342952,-97.2289029
Manteca ,CA,65028,37.7974273,-121.2160526
Muncie ,IN,64975,40.1933767,-85.3863599
Harlingen ,TX,64843,26.1906306,-97.69610259999999
Laguna Niguel ,CA,64469,33.5236744,-117.7149438
St. Charles ,MO,64386,38.7881062,-90.4974359
Daytona Beach ,FL,64211,29.2108147,-81.0228331
Pittsburg ,CA,64148,38.0279762,-121.8846806
Delray Beach ,FL,64092,26.4614625,-80.0728201
Lafayette ,IN,64049,40.4167022,-86.87528689999999
Eagan ,MN,63985,44.8041322,-93.1668858
Jonesboro ,AR,63960,35.84229670000001,-90.704279
Oshkosh ,WI,63679,44.0247062,-88.5426136
Weston ,FL,63628,26.1003654,-80.3997748
Walnut Creek ,CA,63486,37.9100783,-122.0651819
Camarillo ,CA,63324,34.2163937,-119.0376023
Kennewick ,WA,63216,46.2112458,-119.1372338
Jackson ,TN,63158,35.6145169,-88.81394689999999
Pico Rivera ,CA,63138,33.9830688,-118.096735
Davis ,CA,62593,38.5449065,-121.7405167
Portland ,ME,62561,43.66147100000001,-70.2553259
Victoria ,TX,62558,28.8052674,-97.0035982
Janesville ,WI,62516,42.6827885,-89.0187222
South San Francisco ,CA,62502,37.654656,-122.4077498
Hamilton ,OH,62477,39.3995008,-84.5613355
Bossier City ,LA,62384,32.5159852,-93.7321228
Cedar Park ,TX,62308,30.505198,-97.8202888
Kissimmee ,FL,62291,28.2919557,-81.40757099999999
Springfield ,OH,62269,39.9242266,-83.8088171
Renton ,WA,62266,47.48287759999999,-122.2170661
Rancho Cordova ,CA,62265,38.5890723,-121.302728
Union City ,NJ,62183,40.7795455,-74.02375119999999
Johnson City ,TN,61990,36.3134397,-82.3534727
Montebello ,CA,61906,34.0165053,-118.1137535
Coon Rapids ,MN,61832,45.1732394,-93.30300629999999
Maple Grove ,MN,61542,45.0724642,-93.4557877
San Clemente ,CA,61465,33.4273521,-117.6126004
Warner Robins ,GA,61336,32.6130007,-83.624201
Lodi ,CA,61301,38.1341477,-121.2722194
Haverhill ,MA,61275,42.7762015,-71.0772796
Monterey Park ,CA,61234,34.0625106,-118.1228476
Yuba City ,CA,61226,39.1404477,-121.6169108
Eden Prairie ,MN,61191,44.8546856,-93.47078599999999
Schenectady ,NY,61152,42.8142432,-73.9395687
Shawnee ,KS,60954,39.02284849999999,-94.7151865
Bristol ,CT,60927,41.67176480000001,-72.9492703
Huntington Park ,CA,60898,33.9816812,-118.2250725
Rockville ,MD,60734,39.0839973,-77.1527578
Taylor ,MI,60619,42.240872,-83.2696509
Bismarck ,ND,60389,46.8083268,-100.7837392
Encinitas ,CA,60372,33.0369867,-117.2919818
St. Clair Shores ,MI,60364,42.4974085,-82.89636039999999
Waltham ,MA,60236,42.3764852,-71.2356113
Flagstaff ,AZ,60222,35.1982836,-111.651302
Revere ,MA,60204,42.4084302,-71.0119948
Terre Haute ,IN,60007,39.4667034,-87.41390919999999
Greenville ,SC,59988,34.85261759999999,-82.3940104
Temple ,TX,59654,31.0982344,-97.342782
Council Bluffs ,IA,59536,41.2619444,-95.8608333
Goodyear ,AZ,59508,33.4353394,-112.3576567
Johns Creek ,GA,59431,34.0289259,-84.198579
North Little Rock ,AR,59430,34.769536,-92.2670941
West Allis ,WI,59416,43.0166806,-88.0070315
Palo Alto ,CA,59395,37.4418834,-122.1430195
Tamarac ,FL,59340,26.2128609,-80.2497707
Great Falls ,MT,59251,47.4941836,-111.2833449
Frederick ,MD,59213,39.41426879999999,-77.4105409
Tinley Park,IL,59198,41.5731442,-87.7932939
Meriden ,CT,59186,41.5381535,-72.80704349999999
La Habra ,CA,59155,33.9318591,-117.946137
Burnsville ,MN,59139,44.7677424,-93.27772259999999
Taylorsville ,UT,58785,40.66772479999999,-111.9388258
Vineland ,NJ,58780,39.4863773,-75.02596369999999
Gaithersburg ,MD,58744,39.1434406,-77.2013705
National City ,CA,58680,32.6781085,-117.0991967
Gardena ,CA,58554,33.8883487,-118.3089624
Franklin ,TN,58481,35.9250637,-86.8688899
Utica ,NY,58082,43.100903,-75.232664
Homestead ,FL,57936,25.4687224,-80.4775569
Conway ,AR,57544,35.0886963,-92.4421011
Bayonne ,NJ,57448,40.6687141,-74.1143091
White Plains ,NY,57342,41.03398620000001,-73.7629097
Anderson ,IN,57282,40.1053196,-85.6802541
Dubuque ,IA,57250,42.5005583,-90.66457179999999
Diamond Bar ,CA,57235,34.0286226,-117.8103367
Springfield ,OR,57224,44.0462362,-123.0220289
Royal Oak ,MI,57110,42.4894801,-83.1446485
Galveston ,TX,57086,29.3013479,-94.7976958
Des Plaines ,IL,57062,42.0333623,-87.88339909999999
Rocky Mount ,NC,57010,35.9382103,-77.7905339
Lakewood ,WA,56983,47.1717649,-122.518458
Cheyenne ,WY,56915,41.1399814,-104.8202462
Rogers ,AR,56726,36.3320196,-94.1185366
Madera ,CA,56700,36.9613356,-120.0607176
Tulare ,CA,56654,36.2077288,-119.3473379
Lake Havasu City ,AZ,56553,34.483901,-114.3224548
Ames ,IA,56510,42.0307812,-93.63191309999999
Midwest City ,OK,56394,35.4495065,-97.3967019
Arcadia ,CA,56248,34.1397292,-118.0353449
Woodbury ,MN,56128,44.9238552,-92.9593797
Santa Cruz ,CA,56124,36.9741171,-122.0307963
Auburn ,AL,56088,32.6098566,-85.48078249999999
Decatur ,AL,56068,34.6059253,-86.9833417
Port Arthur ,TX,55910,29.8849504,-93.93994699999999
North Miami ,FL,55908,25.8900949,-80.1867138
Rowlett ,TX,55780,32.9029017,-96.56388
Taunton ,MA,55702,41.900101,-71.0897674
Blue Springs ,MO,55698,39.0169509,-94.2816148
Perris ,CA,55643,33.7825194,-117.2286478
Saginaw ,MI,55620,43.4194699,-83.9508068
San Rafael ,CA,55602,37.9735346,-122.5310874
Malden ,MA,55597,42.4250964,-71.066163
Medford ,MA,55573,42.4184296,-71.1061639
Fountain Valley ,CA,55516,33.7090212,-117.9544069
Owensboro ,KY,55516,37.7719074,-87.1111676
Orland Park,IL,55514,41.6303103,-87.85394250000002
St. Peters ,MO,55500,38.7874699,-90.6298922
Conroe ,TX,55429,30.3118769,-95.45605119999999
Auburn ,WA,55426,47.30732279999999,-122.2284532
West Des Moines ,IA,55426,41.5772115,-93.711332
Pasco ,WA,55246,46.2395793,-119.1005657
Paramount ,CA,55236,33.8894598,-118.1597911
Bowling Green ,KY,55097,36.9685219,-86.4808043
Blaine ,MN,55042,45.1607987,-93.23494889999999
Elyria ,OH,54979,41.3683798,-82.10764859999999
Chicopee ,MA,54941,42.1487043,-72.6078672
North Port ,FL,54907,27.044224,-82.2359254
Pocatello ,ID,54901,42.8713032,-112.4455344
Carson City,NV,54867,39.1637984,-119.7674034
Broomfield ,CO,54858,39.9205411,-105.0866504
Ocala ,FL,54801,29.1871986,-82.14009229999999
La Mesa ,CA,54673,32.7678287,-117.0230839
Petaluma ,CA,54666,38.232417,-122.6366524
Lancaster ,PA,54626,40.0378755,-76.3055144
Port Orange ,FL,54616,29.1383165,-80.9956105
Woodland ,CA,54567,38.67851570000001,-121.7732971
Lakeville ,MN,54542,44.6496868,-93.24271999999999
Wellington,FL,54530,26.6617635,-80.2683571
Wheaton ,IL,54465,41.8661403,-88.1070127
Rosemead ,CA,54412,34.0805651,-118.072846
Idaho Falls ,ID,54334,43.49165139999999,-112.0339645
Milford ,CT,54136,41.2306979,-73.064036
Margate ,FL,54086,26.2445263,-80.206436
Novi ,MI,54054,42.48059,-83.4754913
Casper ,WY,54047,42.866632,-106.313081
Hempstead,NY,53915,40.7062128,-73.6187397
Santee ,CA,53860,32.8383828,-116.9739167
Pensacola ,FL,53820,30.42130899999999,-87.2169149
Kettering ,OH,53708,39.68950359999999,-84.1688274
Hoffman Estates,IL,53641,42.0629915,-88.12271989999999
Cupertino ,CA,53637,37.3229978,-122.0321823
New Braunfels ,TX,53547,29.7030024,-98.1244531
Bradenton ,FL,53513,27.4989278,-82.5748194
Mount Prospect,IL,53338,42.0664167,-87.9372908
Oak Lawn,IL,53244,41.719978,-87.7479528
Delano ,CA,53051,35.7688425,-119.2470536
San Marcos ,TX,52927,29.8832749,-97.9413941
Rocklin ,CA,52811,38.7907339,-121.2357828
Novato ,CA,52785,38.1074198,-122.5697032
Elkhart ,IN,52653,41.6819935,-85.9766671
Moore ,OK,52615,35.3395079,-97.48670279999999
Euless ,TX,52579,32.8370727,-97.08195409999999
Bowie ,MD,52544,39.0067768,-76.77913649999999
Chapel Hill,NC,52542,35.9131996,-79.0558445
West Haven ,CT,52420,41.2705484,-72.9469711
Sarasota ,FL,52340,27.3364347,-82.53065269999999
Manhattan ,KS,52284,39.18360819999999,-96.57166939999999
Cathedral City ,CA,52095,33.7805388,-116.4668036
Normal,IL,52056,40.5142026,-88.9906312
Battle Creek ,MI,52053,42.3211522,-85.17971419999999
Shoreline ,WA,52005,47.7559659,-122.3456972
Hattiesburg ,MS,51993,31.3271189,-89.29033919999999
Dearborn Heights ,MI,51972,42.3369816,-83.27326269999999
Porterville ,CA,51830,36.06523,-119.0167679
Mentor ,OH,51825,41.6661573,-81.339552
Middletown ,OH,51422,39.5150576,-84.39827629999999
Niagara Falls ,NY,51345,43.0962143,-79.0377388
Peabody ,MA,51331,42.5278731,-70.9286609
Cerritos ,CA,51326,33.8583483,-118.0647871
Grand Forks ,ND,51313,47.9252568,-97.0328547
Monroe ,LA,51215,32.5093109,-92.1193012
New Brunswick ,NJ,51149,40.4862157,-74.4518188
South Jordan ,UT,51131,40.5621704,-111.929658
Corvallis ,OR,51110,44.5645659,-123.2620435
Highland ,CA,51096,34.1283442,-117.2086513
Cuyahoga Falls ,OH,51090,41.1339449,-81.48455849999999
Lake Elsinore ,CA,50952,33.6680772,-117.3272615
La Crosse ,WI,50902,43.8013556,-91.23958069999999
Palm Desert ,CA,50876,33.7222445,-116.3744556
Burlington ,NC,50857,36.0956918,-79.43779909999999
Lakewood ,OH,50704,41.4819932,-81.7981908
Sanford ,FL,50634,28.8028612,-81.269453
Florissant ,MO,50561,38.789217,-90.322614
Colton ,CA,50517,34.0739016,-117.3136547
Grapevine ,TX,50471,32.9342919,-97.0780654
Watsonville ,CA,50442,36.910231,-121.7568946
Coconut Creek ,FL,50436,26.2517482,-80.17893509999999
Pine Bluff ,AR,50408,34.2284312,-92.00319549999999
Charleston ,WV,50302,38.3498195,-81.6326234
Hanford ,CA,50103,36.3274502,-119.6456844
Minnetonka ,MN,50081,44.9211836,-93.4687489
Mishawaka ,IN,50026,41.6619927,-86.15861559999999
Apple Valley ,MN,50004,44.7319094,-93.21772000000001
Gilroy ,CA,49934,37.0057816,-121.5682751
Berwyn ,IL,49919,41.85058739999999,-87.7936685
Alpharetta ,GA,49903,34.0753762,-84.2940899
Smyrna ,GA,49854,33.8839926,-84.51437609999999
La Mirada ,CA,49809,33.9172357,-118.0120086
Joplin ,MO,49775,37.08422710000001,-94.51328099999999
Yucaipa ,CA,49750,34.033625,-117.0430865
Bellevue ,NE,49699,41.1543623,-95.9145568
Placentia ,CA,49692,33.8710729,-117.8627548
Grand Junction ,CO,49688,39.0638705,-108.5506486
Georgetown ,TX,49618,30.6332618,-97.6779842
Rancho Santa Margarita ,CA,49591,33.640171,-117.602832
Mansfield ,OH,49579,40.75839,-82.5154471
Oak Park,IL,49557,41.8850317,-87.7845025
Redmond ,WA,49548,47.6739881,-122.121512
Brentwood ,CA,49480,37.931868,-121.6957863
Glendora ,CA,49410,34.1361187,-117.865339
Downers Grove,IL,49250,41.8089191,-88.01117459999999
Palm Beach Gardens ,FL,49227,26.8233946,-80.13865469999999
Huntington ,WV,49185,38.4192496,-82.44515400000002
San Ramon ,CA,49161,37.7799273,-121.9780153
Bedford ,TX,49155,32.844017,-97.1430671
Jupiter,FL,48879,26.9342246,-80.0942087
Poway ,CA,48858,32.9628232,-117.0358646
Perth Amboy ,NJ,48742,40.5067723,-74.2654234
Tigard ,OR,48713,45.4312294,-122.7714861
Logan ,UT,48657,41.7369803,-111.8338359
Alexandria ,LA,48639,31.3112936,-92.4451371
Valdosta ,GA,48547,30.8327022,-83.2784851
East Providence ,RI,48480,41.8137116,-71.3700545
Wilson ,NC,48433,35.7212689,-77.9155395
Albany ,OR,48081,44.6365107,-123.1059282
Middletown ,CT,48030,41.5623209,-72.6506488
Palm Springs ,CA,47952,33.8302961,-116.5452921
Sheboygan ,WI,47895,43.7508284,-87.71453
Hendersonville ,TN,47725,36.3047735,-86.6199957
Greenwood ,IN,47720,39.6136578,-86.10665259999999
Stillwater ,OK,47653,36.1156071,-97.0583681
DeSoto ,TX,47568,32.5896998,-96.8570738
West Sacramento ,CA,47511,38.5804609,-121.530234
Bartlett ,TN,47501,35.2045328,-89.8739753
Troy ,NY,47459,42.7284117,-73.69178509999999
Kentwood ,MI,47419,42.8694731,-85.64474919999999
Euclid ,OH,47415,41.5931049,-81.5267873
Enid ,OK,47396,36.3955891,-97.8783911
Kirkland ,WA,47303,47.6768927,-122.2059833
Buckeye,AZ,47261,33.3703197,-112.5837766
Newark ,OH,47236,40.0581205,-82.4012642
Pinellas Park ,FL,47173,27.8428025,-82.6995443
Harrisburg ,PA,47148,40.2731911,-76.8867008
Cypress ,CA,47123,33.8169366,-118.0368507
Covina ,CA,46944,34.0900091,-117.8903397
Azusa ,CA,46847,34.1336186,-117.9075627
Lenexa ,KS,46822,38.9536174,-94.73357089999999
Lehi ,UT,46802,40.3916172,-111.8507662
Roseville ,MI,46782,42.4972583,-82.9371409
Salina ,KS,46483,38.8402805,-97.61142369999999
West New York,NJ,46472,40.7878788,-74.0143064
Murray ,UT,46201,40.6668916,-111.8879909
Roswell ,NM,46198,33.3942655,-104.5230242
Barnstable Town ,MA,46184,41.7003208,-70.3002024
Glenview,IL,46180,42.0697509,-87.7878408
Richland ,WA,46155,46.2856907,-119.2844621
Altoona ,PA,46144,40.5186809,-78.3947359
Mansfield ,TX,46142,32.5631924,-97.1416768
Portage ,MI,46133,42.2011538,-85.5800022
Plainfield ,NJ,46126,40.6337136,-74.4073736
Chesterfield ,MO,46064,38.6631083,-90.5770675
Elmhurst ,IL,46013,41.8994744,-87.9403418
East Lansing ,MI,45857,42.7369792,-84.48386540000001
Cleveland Heights ,OH,45827,41.5200518,-81.556235
Grand Island ,NE,45801,40.9263957,-98.3420118
Kokomo ,IN,45694,40.486427,-86.13360329999999
Biloxi ,MS,45670,30.3960318,-88.88530779999999
Edina ,MN,45608,44.8896866,-93.3499489
Maricopa ,AZ,45571,33.0581063,-112.0476423
DeKalb ,IL,45497,41.9294736,-88.75036469999999
St. Louis Park ,MN,45465,44.9597376,-93.3702186
Olympia ,WA,45322,47.0378741,-122.9006951
Summerville,SC,45193,33.0185039,-80.17564809999999
Wauwatosa ,WI,45004,43.0494572,-88.0075875
Cedar Hill ,TX,44786,32.5884689,-96.9561152
Titusville ,FL,44756,28.6122187,-80.8075537
Binghamton ,NY,44729,42.09868669999999,-75.91797380000001
Bell Gardens ,CA,44692,33.9652918,-118.1514588
Danville ,VA,44660,36.5859718,-79.39502279999999
Texas City ,TX,44491,29.383845,-94.9027002
Bountiful ,UT,44473,40.8893895,-111.880771
Kingsport ,TN,44473,36.548434,-82.5618186
Castle Rock,CO,44369,39.3722121,-104.8560902
Dublin ,CA,44297,37.7021521,-121.9357918
Southaven ,MS,44076,34.9918587,-90.0022958
Methuen ,MA,44055,42.7262016,-71.1908924
Huntersville,NC,44054,35.410694,-80.84285040000002
Harrisonburg ,VA,44015,38.4495688,-78.8689155
Freeport,NY,43881,40.6576022,-73.58318349999999
La Quinta ,CA,43865,33.6633573,-116.3100095
Warren ,OH,43789,41.2375569,-80.81841659999999
Parker,CO,43767,39.5186002,-104.7613633
San Luis Obispo ,CA,43636,35.2827524,-120.6596156
Lincoln ,CA,43602,38.891565,-121.2930079
Oro Valley,AZ,43465,32.3909071,-110.966488
East Point ,GA,43418,33.6795531,-84.43937240000001
Coeur d'Alene ,ID,43360,47.6776832,-116.7804664
Sierra Vista ,AZ,43320,31.5455001,-110.2772856
Woonsocket ,RI,43268,42.00287609999999,-71.51478390000001
Lawrence ,IN,43247,39.8386516,-86.0252612
Covington ,KY,43235,39.0836712,-84.5085536
Moline ,IL,43088,41.5067003,-90.51513419999999
Buffalo Grove,IL,42972,42.1662831,-87.9631308
Lombard,IL,42890,41.8800296,-88.00784349999999
Attleboro ,MA,42833,41.94454409999999,-71.2856082
Hackensack ,NJ,42804,40.8859325,-74.0434736
Coral Gables ,FL,42781,25.72149,-80.2683838
Bonita Springs ,FL,42730,26.339806,-81.7786972
Prescott ,AZ,42697,34.5400242,-112.4685025
Ceres ,CA,42690,37.5949316,-120.9577098
Pittsfield ,MA,42652,42.4500845,-73.2453824
Farmington ,NM,42637,36.72805830000001,-108.2186856
Strongsville ,OH,42617,41.3144966,-81.83569
Kannapolis ,NC,42521,35.4873613,-80.6217341
Commerce City ,CO,42473,39.8083196,-104.9338675
Fairfield ,OH,42384,39.3454673,-84.5603187
Caldwell ,ID,42331,43.66293839999999,-116.6873596
Draper ,UT,42317,40.5246711,-111.8638226
Oakland Park ,FL,42293,26.1723065,-80.1319893
Ankeny ,IA,42287,41.7317884,-93.6001278
The Colony ,TX,42281,33.0806083,-96.89283089999999
Concord ,NH,42255,43.2081366,-71.5375718
Bartlett,IL,42209,41.9950276,-88.1856301
Sayreville,NJ,42208,40.45940210000001,-74.360846
Twin Falls ,ID,42197,42.5629668,-114.4608711
Noblesville ,IN,42155,40.0455917,-86.0085955
Fond du Lac ,WI,42025,43.7730448,-88.4470508
Crystal Lake ,IL,41797,42.2411344,-88.31619649999999
Blacksburg,VA,41796,37.2295733,-80.4139393
Newark ,CA,41781,37.5296593,-122.0402399
North Lauderdale ,FL,41772,26.217305,-80.2258811
Chelsea ,MA,41577,42.3917638,-71.0328284
Aliso Viejo ,CA,41572,33.5684605,-117.7262981
Charlottesville ,VA,41487,38.0293059,-78.47667810000002
Hickory ,NC,41305,35.7344538,-81.3444573
Salem ,MA,41256,42.51954,-70.8967155
Danville,CA,41182,37.8215929,-121.9999606
Casa Grande ,AZ,41152,32.9110027,-111.7733902
Rancho Palos Verdes ,CA,41106,33.7444613,-118.3870173
Lompoc ,CA,41099,34.6391501,-120.4579409
Belleville ,IL,41097,38.5200504,-89.9839935
Leominster ,MA,41055,42.5250906,-71.759794
Wilkes-Barre ,PA,40932,41.2459149,-75.88130749999999
Midland ,MI,40917,43.6155825,-84.2472116
Hutchinson ,KS,40889,38.0608445,-97.92977429999999
Fort Pierce ,FL,40885,27.4467056,-80.3256056
Bullhead City ,AZ,40868,35.1359386,-114.5285981
Littleton ,CO,40777,39.613321,-105.0166498
Jefferson City ,MO,40771,38.57670170000001,-92.1735164
Lacey ,WA,40702,47.03426289999999,-122.8231915
La Puente ,CA,40642,34.0200114,-117.9495083
Westfield ,MA,40608,42.1250929,-72.749538
Hoboken ,NJ,40577,40.7439905,-74.0323626
Rohnert Park ,CA,40496,38.3396367,-122.7010984
San Gabriel ,CA,40445,34.09611110000001,-118.1058333
San Bruno ,CA,40315,37.6304904,-122.4110835
Fitchburg ,MA,40239,42.5834228,-71.8022955
Haltom City ,TX,40181,32.7995738,-97.26918169999999
Sammamish ,WA,40179,47.61626829999999,-122.0355736
Edmonds ,WA,40158,47.8106521,-122.3773552
Muskogee ,OK,40099,35.7478769,-95.3696909
York ,PA,40097,39.9625984,-76.727745
El Centro ,CA,40083,32.792,-115.5630514
Carol Stream,IL,40004,41.91252859999999,-88.13479269999999
Columbus ,IN,40001,39.2014404,-85.9213796
Shelton ,CT,39991,41.3164856,-73.0931641
Quincy ,IL,39983,39.9356016,-91.4098726
Altamonte Springs ,FL,39947,28.6611089,-81.3656242
Holyoke ,MA,39947,42.2042586,-72.6162009
Beavercreek ,OH,39909,39.7092262,-84.06326849999999
Cleveland ,TN,39753,35.1595182,-84.8766115
Riverton ,UT,39751,40.521893,-111.9391023
Hagerstown ,MD,39728,39.6417629,-77.71999319999999
Pflugerville ,TX,39653,30.4548451,-97.6222665
Urbana ,IL,39641,40.1105875,-88.2072697
Leesburg,VA,39641,39.1156615,-77.56360149999999
Spartanburg ,SC,39584,34.9495672,-81.9320482
Hot Springs ,AR,39467,34.5037004,-93.0551795
Bozeman ,MT,39442,45.6769979,-111.0429339
State College,PA,39419,40.7933949,-77.8600012
Atlantic City ,NJ,39408,39.3642834,-74.4229266
Muskegon ,MI,39401,43.2341813,-86.24839209999999
Coachella ,CA,39391,33.6803003,-116.173894
Beverly ,MA,39343,42.5584283,-70.880049
Collierville,TN,39211,35.042036,-89.6645266
Linden ,NJ,39162,40.6220478,-74.24459019999999
Coppell ,TX,39154,32.9545687,-97.01500779999999
Brookfield ,WI,39020,43.0605671,-88.1064787
Keller ,TX,38951,32.9341893,-97.229298
Burlington ,VT,38897,44.4758825,-73.21207199999999
Madison ,AL,38714,34.6992579,-86.74833180000002
Hallandale Beach ,FL,38683,25.9812024,-80.14837899999999
New Berlin ,WI,38649,42.9764027,-88.1084224
Sumter ,SC,38625,33.9204354,-80.3414693
Campbell ,CA,38617,37.2871651,-121.9499568
Culver City ,CA,38580,34.0211224,-118.3964665
Hurst ,TX,38550,32.8234621,-97.1705678
Dublin ,OH,38536,40.0992294,-83.1140771
Prescott Valley,AZ,38535,34.6100243,-112.315721
Huntsville ,TX,38480,30.7235263,-95.55077709999999
Urbandale ,IA,38369,41.6266555,-93.71216559999999
Calexico ,CA,38344,32.6789476,-115.4988834
Temple City ,CA,38341,34.1072305,-118.0578456
Brea ,CA,38314,33.916475,-117.9002918
Meridian ,MS,38232,32.3643098,-88.703656
Rock Island ,IL,38139,41.5094771,-90.5787476
Morgan Hill ,CA,38096,37.1305012,-121.6543901
Sherman ,TX,38077,33.6356618,-96.6088805
Cedar Falls ,IA,38059,42.5348993,-92.4453161
Romeoville,IL,38028,41.6475306,-88.0895061
North Miami Beach ,FL,37997,25.9331488,-80.1625463
Ormond Beach ,FL,37984,29.2858129,-81.0558894
Apopka ,FL,37935,28.6934076,-81.5322149
Marlborough ,MA,37932,42.3459271,-71.5522874
Goose Creek ,SC,37900,32.9810059,-80.03258670000001
Florence ,AL,37877,34.79981,-87.677251
Smyrna,TN,37867,35.9828412,-86.5186045
Wylie ,TX,37861,33.0151201,-96.5388789
San Jacinto ,CA,37842,33.7839084,-116.958635
Lima ,OH,37829,40.742551,-84.1052256
Carpentersville,IL,37741,42.1211364,-88.2578582
Pacifica ,CA,37739,37.6138253,-122.4869194
Monrovia ,CA,37651,34.1442616,-118.0019482
Goldsboro ,NC,37597,35.3848841,-77.9927651
Stanton ,CA,37589,33.8028875,-117.9931203
Wausau ,WI,37576,44.9591352,-89.6301221
Cape Girardeau ,MO,37370,37.3058839,-89.51814759999999
Everett ,MA,37353,42.40843,-71.0536625
New Albany ,IN,37296,38.2856247,-85.8241312
Germantown ,TN,37251,35.0867577,-89.8100858
Huber Heights ,OH,37148,39.843947,-84.12466080000002
Streamwood,IL,37119,42.0255827,-88.17840849999999
Findlay ,OH,36987,41.04422,-83.6499321
Portage ,IN,36976,41.5758707,-87.1761455
Lancaster ,OH,36976,39.7136754,-82.5993294
Park Ridge ,IL,36927,42.0111412,-87.84061919999999
Lake Oswego ,OR,36926,45.42067489999999,-122.6706498
Addison,IL,36917,41.931696,-87.9889556
Woburn ,MA,36871,42.4792618,-71.1522765
Gadsden ,AL,36816,34.014264,-86.0066386
Calumet City ,IL,36800,41.6155909,-87.5294871
Hanover Park,IL,36777,41.9994722,-88.1450735
Kearny,NJ,36746,40.7684342,-74.1454214
Richmond ,IN,36733,39.8289369,-84.8902382
Del Rio ,TX,36682,29.3708857,-100.8958674
Bell ,CA,36657,33.9775142,-118.1870156
Panama City ,FL,36644,30.1588129,-85.6602058
Texarkana ,TX,36611,33.425125,-94.04768820000001
Manhattan Beach ,CA,36605,33.8847361,-118.4109089
Chester ,PA,36564,39.849557,-75.3557457
Longview ,WA,36562,46.1381676,-122.9381672
Montclair ,CA,36530,34.0775104,-117.6897776
Annapolis ,MD,36524,38.9784453,-76.4921829
Plainfield,IL,36507,41.632223,-88.2120315
Riviera Beach ,FL,36430,26.7753405,-80.0580969
Norwich ,CT,36388,41.5242649,-72.07591049999999
Moorpark ,CA,36372,34.285558,-118.8820414
Puyallup ,WA,36330,47.1853785,-122.2928974
University City ,MO,36289,38.6682407,-90.3324856
Fort Lee,NJ,36275,40.8509333,-73.9701381
Mankato ,MN,36245,44.1635775,-93.99939959999999
Tupelo ,MS,36233,34.2576066,-88.7033859
Westerville ,OH,36231,40.1261743,-82.92906959999999
Brentwood ,TN,36176,36.0331164,-86.78277720000001
Beloit ,WI,36160,42.5083482,-89.03177649999999
Duncanville ,TX,36109,32.6518004,-96.9083366
Dover ,DE,36107,39.158168,-75.5243682
Maplewood ,MN,36087,44.9530215,-92.9952153
Greenfield ,WI,36075,42.9614039,-88.0125865
Wheeling,IL,36063,42.1391927,-87.9289591
Rome ,GA,36041,34.257038,-85.1646726
Moorhead ,MN,36012,46.8737648,-96.76780389999999
Valley Stream,NY,36007,40.6642699,-73.70846449999999
Bremerton ,WA,36006,47.5650067,-122.6269768
West Hollywood ,CA,36005,34.0900091,-118.3617443
Dunedin ,FL,35988,28.0197404,-82.7717684
Bartlesville ,OK,35914,36.7473114,-95.98081789999999
Keizer ,OR,35864,44.9901194,-123.0262077
Marion ,OH,35841,40.5886699,-83.1285242
Greenville ,MS,35764,33.399661,-91.0377029
Lancaster ,TX,35761,32.5920798,-96.7561082
Alamogordo ,NM,35757,32.8995325,-105.960265
Dana Point ,CA,35700,33.4672256,-117.6981014
Long Beach ,NY,35698,40.5884373,-73.65790799999999
Roy ,UT,35672,41.1616108,-112.0263313
Gainesville ,GA,35668,34.2978794,-83.8240663
Bentonville ,AR,35526,36.3728538,-94.2088172
Lake Worth ,FL,35513,26.6167555,-80.0684479
Franklin ,WI,35500,42.888627,-88.03841949999999
Claremont ,CA,35470,34.0966764,-117.7197785
Minot ,ND,35419,48.2329668,-101.2922906
Cottonwood Heights ,UT,35418,40.6183158,-111.8162931
Lincoln Park ,MI,35317,42.2505943,-83.1785361
Torrington ,CT,35312,41.8003049,-73.1211715
Rockwall ,TX,35247,32.93123360000001,-96.4597089
Manassas ,VA,35205,38.7509488,-77.47526669999999
Martinez ,CA,35145,38.0193657,-122.1341321
